npm warn deprecated node-domexception@1.0.0: Use your platform's native DOMException instead
npm warn deprecated json-ptr@3.1.1: Package no longer supported. Contact Support at https://www.npmjs.com/support for more info.
npm warn deprecated uuid@9.0.1: uuid@10 and below is no longer supported.  For ESM codebases, update to uuid@latest.  For CommonJS codebases, use uuid@11 (but be aware this version will likely be deprecated in 2028).
npm warn deprecated glob@10.5.0: Old versions of glob are not supported, and contain widely publicized security vulnerabilities, which have been fixed in the current version. Please update. Support for old versions may be purchased (at exorbitant rates) by contacting i@izs.me
[2026-10-04T08:15:38.752Z] ----------------------------------------------------------------------
[2026-10-04T08:15:38.756Z] Command:       /opt/hostedtoolcache/node/22.23.3/x64/bin/node /home/runner/.npm/_npx/ba4f1959e38407b5/node_modules/.bin/firebase deploy --only functions,firestore:rules --project matlam-e5288 --non-interactive --force --debug
[2026-10-04T08:15:38.756Z] CLI Version:   15.32.1
[2026-10-04T08:15:38.757Z] Platform:      linux
[2026-10-04T08:15:38.757Z] Node Version:  v22.23.3
[2026-10-04T08:15:38.757Z] Detected Agent: unknown
[2026-10-04T08:15:38.757Z] Time:          Sun Oct 04 2026 08:15:38 GMT+0000 (Coordinated Universal Time)
[2026-10-04T08:15:38.757Z] ----------------------------------------------------------------------

[2026-10-04T08:15:39.717Z] > command requires scopes: ["email","openid","https://www.googleapis.com/auth/cloudplatformprojects.readonly","https://www.googleapis.com/auth/firebase","https://www.googleapis.com/auth/cloud-platform"]
[2026-10-04T08:15:39.834Z] Running auto auth
[2026-10-04T08:15:39.835Z] [iam] checking project matlam-e5288 for permissions ["cloudfunctions.functions.create","cloudfunctions.functions.delete","cloudfunctions.functions.get","cloudfunctions.functions.list","cloudfunctions.functions.update","cloudfunctions.operations.get","datastore.indexes.create","datastore.indexes.delete","datastore.indexes.list","datastore.indexes.update","firebase.projects.get"]
[2026-10-04T08:15:39.836Z] No OAuth tokens found
[2026-10-04T08:15:39.837Z] >>> [apiv2][query] POST https://cloudresourcemanager.googleapis.com/v1/projects/matlam-e5288:testIamPermissions [none]
[2026-10-04T08:15:39.837Z] >>> [apiv2][(partial)header] POST https://cloudresourcemanager.googleapis.com/v1/projects/matlam-e5288:testIamPermissions  x-goog-user-project=matlam-e5288
[2026-10-04T08:15:39.837Z] >>> [apiv2][body] POST https://cloudresourcemanager.googleapis.com/v1/projects/matlam-e5288:testIamPermissions {"permissions":["cloudfunctions.functions.create","cloudfunctions.functions.delete","cloudfunctions.functions.get","cloudfunctions.functions.list","cloudfunctions.functions.update","cloudfunctions.operations.get","datastore.indexes.create","datastore.indexes.delete","datastore.indexes.list","datastore.indexes.update","firebase.projects.get"]}
[2026-10-04T08:15:40.000Z] <<< [apiv2][status] POST https://cloudresourcemanager.googleapis.com/v1/projects/matlam-e5288:testIamPermissions 200
[2026-10-04T08:15:40.000Z] <<< [apiv2][body] POST https://cloudresourcemanager.googleapis.com/v1/projects/matlam-e5288:testIamPermissions {"permissions":["cloudfunctions.functions.create","cloudfunctions.functions.delete","cloudfunctions.functions.get","cloudfunctions.functions.list","cloudfunctions.functions.update","cloudfunctions.operations.get","datastore.indexes.create","datastore.indexes.delete","datastore.indexes.list","datastore.indexes.update","firebase.projects.get"]}
[2026-10-04T08:15:40.001Z] No OAuth tokens found
[2026-10-04T08:15:40.001Z] >>> [apiv2][query] POST https://iam.googleapis.com/v1/projects/matlam-e5288/serviceAccounts/matlam-e5288@appspot.gserviceaccount.com:testIamPermissions [none]
[2026-10-04T08:15:40.001Z] >>> [apiv2][body] POST https://iam.googleapis.com/v1/projects/matlam-e5288/serviceAccounts/matlam-e5288@appspot.gserviceaccount.com:testIamPermissions {"permissions":["iam.serviceAccounts.actAs"]}
[2026-10-04T08:15:40.259Z] <<< [apiv2][status] POST https://iam.googleapis.com/v1/projects/matlam-e5288/serviceAccounts/matlam-e5288@appspot.gserviceaccount.com:testIamPermissions 200
[2026-10-04T08:15:40.259Z] <<< [apiv2][body] POST https://iam.googleapis.com/v1/projects/matlam-e5288/serviceAccounts/matlam-e5288@appspot.gserviceaccount.com:testIamPermissions {"permissions":["iam.serviceAccounts.actAs"]}

=== Deploying to 'matlam-e5288'...

i  deploying firestore, functions 
i  firestore: ensuring required API firestore.googleapis.com is enabled... 
[2026-10-04T08:15:40.262Z] No OAuth tokens found
[2026-10-04T08:15:40.262Z] >>> [apiv2][query] GET https://serviceusage.googleapis.com/v1/projects/matlam-e5288/services/firestore.googleapis.com [none]
[2026-10-04T08:15:40.262Z] >>> [apiv2][(partial)header] GET https://serviceusage.googleapis.com/v1/projects/matlam-e5288/services/firestore.googleapis.com  x-goog-user-project=matlam-e5288
[2026-10-04T08:15:40.692Z] <<< [apiv2][status] GET https://serviceusage.googleapis.com/v1/projects/matlam-e5288/services/firestore.googleapis.com 200
[2026-10-04T08:15:40.692Z] <<< [apiv2][body] GET https://serviceusage.googleapis.com/v1/projects/matlam-e5288/services/firestore.googleapis.com [omitted]
✔  firestore: required API firestore.googleapis.com is enabled 
i  firestore: ensuring required API firestore.googleapis.com is enabled... 
[2026-10-04T08:15:40.700Z] No OAuth tokens found
[2026-10-04T08:15:40.700Z] >>> [apiv2][query] GET https://firestore.googleapis.com/v1/projects/matlam-e5288/databases/(default) [none]
[2026-10-04T08:15:41.900Z] <<< [apiv2][status] GET https://firestore.googleapis.com/v1/projects/matlam-e5288/databases/(default) 200
[2026-10-04T08:15:41.900Z] <<< [apiv2][body] GET https://firestore.googleapis.com/v1/projects/matlam-e5288/databases/(default) {"name":"projects/matlam-e5288/databases/(default)","uid":"77872ebd-bc8a-4e32-8bc3-fc6b30be625e","createTime":"2026-09-16T02:21:45.701260Z","updateTime":"2026-09-16T02:21:45.701260Z","locationId":"me-west1","type":"FIRESTORE_NATIVE","concurrencyMode":"PESSIMISTIC","versionRetentionPeriod":"3600s","earliestVersionTime":"2026-10-04T07:15:41.807967Z","appEngineIntegrationMode":"DISABLED","pointInTimeRecoveryEnablement":"POINT_IN_TIME_RECOVERY_DISABLED","deleteProtectionState":"DELETE_PROTECTION_DISABLED","databaseEdition":"STANDARD","freeTier":true,"realtimeUpdatesMode":"REALTIME_UPDATES_MODE_ENABLED","etag":"IOftzvj1n5cDMOna8ryJ8pYD"}
i  cloud.firestore: checking firestore.rules for compilation errors... 
[2026-10-04T08:15:41.901Z] No OAuth tokens found
[2026-10-04T08:15:41.901Z] >>> [apiv2][query] POST https://firebaserules.googleapis.com/v1/projects/matlam-e5288:test [none]
[2026-10-04T08:15:41.902Z] >>> [apiv2][body] POST https://firebaserules.googleapis.com/v1/projects/matlam-e5288:test [omitted]
[2026-10-04T08:15:42.284Z] <<< [apiv2][status] POST https://firebaserules.googleapis.com/v1/projects/matlam-e5288:test 200
[2026-10-04T08:15:42.285Z] <<< [apiv2][body] POST https://firebaserules.googleapis.com/v1/projects/matlam-e5288:test {}
✔  cloud.firestore: rules file firestore.rules compiled successfully 
[2026-10-04T08:15:42.286Z] No OAuth tokens found
[2026-10-04T08:15:42.286Z] >>> [apiv2][query] GET https://serviceusage.googleapis.com/v1/projects/matlam-e5288/services/cloudresourcemanager.googleapis.com [none]
[2026-10-04T08:15:42.286Z] >>> [apiv2][(partial)header] GET https://serviceusage.googleapis.com/v1/projects/matlam-e5288/services/cloudresourcemanager.googleapis.com  x-goog-user-project=matlam-e5288
[2026-10-04T08:15:42.467Z] <<< [apiv2][status] GET https://serviceusage.googleapis.com/v1/projects/matlam-e5288/services/cloudresourcemanager.googleapis.com 200
[2026-10-04T08:15:42.467Z] <<< [apiv2][body] GET https://serviceusage.googleapis.com/v1/projects/matlam-e5288/services/cloudresourcemanager.googleapis.com [omitted]
[2026-10-04T08:15:42.469Z] No OAuth tokens found
[2026-10-04T08:15:42.469Z] >>> [apiv2][query] GET https://cloudresourcemanager.googleapis.com/v1/projects/matlam-e5288 [none]
[2026-10-04T08:15:42.549Z] <<< [apiv2][status] GET https://cloudresourcemanager.googleapis.com/v1/projects/matlam-e5288 200
[2026-10-04T08:15:42.549Z] <<< [apiv2][body] GET https://cloudresourcemanager.googleapis.com/v1/projects/matlam-e5288 {"projectNumber":"752992069219","projectId":"matlam-e5288","lifecycleState":"ACTIVE","name":"matlam","labels":{"firebase":"enabled","firebase-core":"disabled"},"createTime":"2026-09-16T02:19:07.242Z"}
i  functions: preparing codebase default for deployment 
i  functions: ensuring required API cloudfunctions.googleapis.com is enabled... 
[2026-10-04T08:15:42.550Z] No OAuth tokens found
[2026-10-04T08:15:42.551Z] No OAuth tokens found
i  functions: ensuring required API cloudbuild.googleapis.com is enabled... 
[2026-10-04T08:15:42.551Z] No OAuth tokens found
i  artifactregistry: ensuring required API artifactregistry.googleapis.com is enabled... 
[2026-10-04T08:15:42.552Z] No OAuth tokens found
[2026-10-04T08:15:42.552Z] >>> [apiv2][query] GET https://serviceusage.googleapis.com/v1/projects/matlam-e5288/services/cloudfunctions.googleapis.com [none]
[2026-10-04T08:15:42.552Z] >>> [apiv2][(partial)header] GET https://serviceusage.googleapis.com/v1/projects/matlam-e5288/services/cloudfunctions.googleapis.com  x-goog-user-project=matlam-e5288
[2026-10-04T08:15:42.552Z] >>> [apiv2][query] GET https://serviceusage.googleapis.com/v1/projects/matlam-e5288/services/runtimeconfig.googleapis.com [none]
[2026-10-04T08:15:42.552Z] >>> [apiv2][(partial)header] GET https://serviceusage.googleapis.com/v1/projects/matlam-e5288/services/runtimeconfig.googleapis.com  x-goog-user-project=matlam-e5288
[2026-10-04T08:15:42.555Z] >>> [apiv2][query] GET https://serviceusage.googleapis.com/v1/projects/matlam-e5288/services/cloudbuild.googleapis.com [none]
[2026-10-04T08:15:42.555Z] >>> [apiv2][(partial)header] GET https://serviceusage.googleapis.com/v1/projects/matlam-e5288/services/cloudbuild.googleapis.com  x-goog-user-project=matlam-e5288
[2026-10-04T08:15:42.556Z] >>> [apiv2][query] GET https://serviceusage.googleapis.com/v1/projects/matlam-e5288/services/artifactregistry.googleapis.com [none]
[2026-10-04T08:15:42.556Z] >>> [apiv2][(partial)header] GET https://serviceusage.googleapis.com/v1/projects/matlam-e5288/services/artifactregistry.googleapis.com  x-goog-user-project=matlam-e5288
[2026-10-04T08:15:42.717Z] <<< [apiv2][status] GET https://serviceusage.googleapis.com/v1/projects/matlam-e5288/services/cloudfunctions.googleapis.com 200
[2026-10-04T08:15:42.717Z] <<< [apiv2][body] GET https://serviceusage.googleapis.com/v1/projects/matlam-e5288/services/cloudfunctions.googleapis.com [omitted]
✔  functions: required API cloudfunctions.googleapis.com is enabled 
[2026-10-04T08:15:42.866Z] <<< [apiv2][status] GET https://serviceusage.googleapis.com/v1/projects/matlam-e5288/services/runtimeconfig.googleapis.com 200
[2026-10-04T08:15:42.866Z] <<< [apiv2][body] GET https://serviceusage.googleapis.com/v1/projects/matlam-e5288/services/runtimeconfig.googleapis.com [omitted]
[2026-10-04T08:15:42.945Z] <<< [apiv2][status] GET https://serviceusage.googleapis.com/v1/projects/matlam-e5288/services/cloudbuild.googleapis.com 200
[2026-10-04T08:15:42.945Z] <<< [apiv2][body] GET https://serviceusage.googleapis.com/v1/projects/matlam-e5288/services/cloudbuild.googleapis.com [omitted]
✔  functions: required API cloudbuild.googleapis.com is enabled 
[2026-10-04T08:15:42.948Z] <<< [apiv2][status] GET https://serviceusage.googleapis.com/v1/projects/matlam-e5288/services/artifactregistry.googleapis.com 200
[2026-10-04T08:15:42.948Z] <<< [apiv2][body] GET https://serviceusage.googleapis.com/v1/projects/matlam-e5288/services/artifactregistry.googleapis.com [omitted]
✔  artifactregistry: required API artifactregistry.googleapis.com is enabled 
[2026-10-04T08:15:42.949Z] No OAuth tokens found
[2026-10-04T08:15:42.950Z] >>> [apiv2][query] GET https://firebase.googleapis.com/v1beta1/projects/matlam-e5288/adminSdkConfig [none]
[2026-10-04T08:15:43.188Z] <<< [apiv2][status] GET https://firebase.googleapis.com/v1beta1/projects/matlam-e5288/adminSdkConfig 200
[2026-10-04T08:15:43.188Z] <<< [apiv2][body] GET https://firebase.googleapis.com/v1beta1/projects/matlam-e5288/adminSdkConfig {"projectId":"matlam-e5288","storageBucket":"matlam-e5288.firebasestorage.app"}
[2026-10-04T08:15:43.189Z] No OAuth tokens found
[2026-10-04T08:15:43.189Z] >>> [apiv2][query] GET https://runtimeconfig.googleapis.com/v1beta1/projects/matlam-e5288/configs [none]
[2026-10-04T08:15:43.470Z] <<< [apiv2][status] GET https://runtimeconfig.googleapis.com/v1beta1/projects/matlam-e5288/configs 200
[2026-10-04T08:15:43.470Z] <<< [apiv2][body] GET https://runtimeconfig.googleapis.com/v1beta1/projects/matlam-e5288/configs {}
[2026-10-04T08:15:43.471Z] Validating nodejs source
⚠  functions: package.json indicates an outdated version of firebase-functions. Please upgrade using npm install --save firebase-functions@latest in your functions directory. 
⚠  functions: Please note that there will be breaking changes when you upgrade. 
[2026-10-04T08:15:43.828Z] > [functions] package.json contents: {
  "name": "matlam-functions",
  "private": true,
  "type": "module",
  "main": "index.js",
  "engines": {
    "node": "22"
  },
  "dependencies": {
    "firebase-admin": "^12.7.0",
    "firebase-functions": "^6.1.0",
    "nodemailer": "^6.9.16"
  }
}
[2026-10-04T08:15:43.829Z] Building nodejs source
i  functions: Loaded environment variables from functions/.env 
i  functions: Loading and analyzing source code for codebase default to determine what to deploy 
[2026-10-04T08:15:43.830Z] Could not find functions.yaml. Must use http discovery
[2026-10-04T08:15:43.834Z] Found firebase-functions binary at '/home/runner/work/matlam/matlam/functions/node_modules/.bin/firebase-functions'
Serving at port 8544

[2026-10-04T08:15:44.330Z] Got response from /__/functions.yaml {"endpoints":{"api":{"availableMemoryMb":512,"timeoutSeconds":120,"minInstances":null,"maxInstances":5,"ingressSettings":null,"concurrency":null,"serviceAccountEmail":null,"vpc":null,"platform":"gcfv2","region":["me-west1"],"labels":{},"callableTrigger":{},"entryPoint":"api"},"exportBackup":{"availableMemoryMb":1024,"timeoutSeconds":120,"minInstances":null,"maxInstances":5,"ingressSettings":null,"concurrency":null,"serviceAccountEmail":null,"vpc":null,"platform":"gcfv2","region":["me-west1"],"labels":{},"callableTrigger":{},"entryPoint":"exportBackup"},"forgotPassword":{"availableMemoryMb":512,"timeoutSeconds":120,"minInstances":null,"maxInstances":5,"ingressSettings":null,"concurrency":null,"serviceAccountEmail":null,"vpc":null,"platform":"gcfv2","region":["me-west1"],"labels":{},"callableTrigger":{},"entryPoint":"forgotPassword"},"importData":{"availableMemoryMb":1024,"timeoutSeconds":540,"minInstances":null,"maxInstances":5,"ingressSettings":null,"concurrency":null,"serviceAccountEmail":null,"vpc":null,"platform":"gcfv2","region":["me-west1"],"labels":{},"callableTrigger":{},"entryPoint":"importData"},"login":{"availableMemoryMb":512,"timeoutSeconds":120,"minInstances":null,"maxInstances":5,"ingressSettings":null,"concurrency":null,"serviceAccountEmail":null,"vpc":null,"platform":"gcfv2","region":["me-west1"],"labels":{},"callableTrigger":{},"entryPoint":"login"}},"specVersion":"v1alpha1","requiredAPIs":[],"extensions":{}}
[2026-10-04T08:15:47.365Z] No OAuth tokens found
[2026-10-04T08:15:47.365Z] >>> [apiv2][query] GET https://cloudfunctions.googleapis.com/v1/projects/matlam-e5288/locations/-/functions [none]
[2026-10-04T08:15:47.935Z] <<< [apiv2][status] GET https://cloudfunctions.googleapis.com/v1/projects/matlam-e5288/locations/-/functions 200
[2026-10-04T08:15:47.935Z] <<< [apiv2][body] GET https://cloudfunctions.googleapis.com/v1/projects/matlam-e5288/locations/-/functions {}
[2026-10-04T08:15:47.935Z] No OAuth tokens found
[2026-10-04T08:15:47.936Z] >>> [apiv2][query] GET https://cloudfunctions.googleapis.com/v2/projects/matlam-e5288/locations/-/functions filter=environment%3D%22GEN_2%22
[2026-10-04T08:15:48.396Z] <<< [apiv2][status] GET https://cloudfunctions.googleapis.com/v2/projects/matlam-e5288/locations/-/functions 200
[2026-10-04T08:15:48.396Z] <<< [apiv2][body] GET https://cloudfunctions.googleapis.com/v2/projects/matlam-e5288/locations/-/functions {"functions":[{"name":"projects/matlam-e5288/locations/me-west1/functions/importData","buildConfig":{"build":"projects/752992069219/locations/me-west1/builds/64b5d1cf-4868-4258-98c6-02b908ce150c","runtime":"nodejs22","entryPoint":"importData","source":{"storageSource":{"bucket":"gcf-v2-sources-752992069219-me-west1","object":"importData/function-source.zip","generation":"1790197843241297"}},"environmentVariables":{"GOOGLE_NODE_RUN_SCRIPTS":""},"dockerRepository":"projects/matlam-e5288/locations/me-west1/repositories/gcf-artifacts","sourceProvenance":{"resolvedStorageSource":{"bucket":"gcf-v2-sources-752992069219-me-west1","object":"importData/function-source.zip","generation":"1790197843241297"}},"dockerRegistry":"ARTIFACT_REGISTRY","serviceAccount":"projects/matlam-e5288/serviceAccounts/752992069219-compute@developer.gserviceaccount.com","automaticUpdatePolicy":{}},"serviceConfig":{"service":"projects/matlam-e5288/locations/me-west1/services/importdata","timeoutSeconds":540,"environmentVariables":{"MAIL_USER":"itai.rosenblum@gmail.com","MAIL_PASS":"fxkwnsduixhjlohj","ADMIN_EMAIL":"itai.rosenblum@gmail.com","FIREBASE_CONFIG":"{\"projectId\":\"matlam-e5288\",\"storageBucket\":\"matlam-e5288.firebasestorage.app\"}","GCLOUD_PROJECT":"matlam-e5288","EVENTARC_CLOUD_EVENT_SOURCE":"projects/matlam-e5288/locations/me-west1/services/importData","FUNCTION_REGION":"me-west1","FUNCTION_TARGET":"importData","LOG_EXECUTION_ID":"true","FUNCTION_SIGNATURE_TYPE":"http"},"maxInstanceCount":5,"ingressSettings":"ALLOW_ALL","uri":"https://importdata-cwgid56i3a-zf.a.run.app","serviceAccountEmail":"752992069219-compute@developer.gserviceaccount.com","availableMemory":"1024Mi","allTrafficOnLatestRevision":true,"revision":"importdata-00030-qex","maxInstanceRequestConcurrency":80,"availableCpu":"1"},"state":"ACTIVE","updateTime":"2026-09-23T21:10:52.871791877Z","labels":{"deployment-callable":"true","firebase-functions-hash":"88e5c3396623fb5fca3bc538727d5106353db8e4","deployment-tool":"cli-firebase"},"environment":"GEN_2","url":"https://me-west1-matlam-e5288.cloudfunctions.net/importData","satisfiesPzs":true,"createTime":"2026-09-16T04:28:40.512497640Z","satisfiesPzi":true},{"name":"projects/matlam-e5288/locations/me-west1/functions/forgotPassword","buildConfig":{"build":"projects/752992069219/locations/me-west1/builds/7bb35a20-708c-4015-9976-a6f50a24591f","runtime":"nodejs22","entryPoint":"forgotPassword","source":{"storageSource":{"bucket":"gcf-v2-sources-752992069219-me-west1","object":"forgotPassword/function-source.zip","generation":"1790197834638793"}},"environmentVariables":{"GOOGLE_NODE_RUN_SCRIPTS":""},"dockerRepository":"projects/matlam-e5288/locations/me-west1/repositories/gcf-artifacts","sourceProvenance":{"resolvedStorageSource":{"bucket":"gcf-v2-sources-752992069219-me-west1","object":"forgotPassword/function-source.zip","generation":"1790197834638793"}},"dockerRegistry":"ARTIFACT_REGISTRY","serviceAccount":"projects/matlam-e5288/serviceAccounts/752992069219-compute@developer.gserviceaccount.com","automaticUpdatePolicy":{}},"serviceConfig":{"service":"projects/matlam-e5288/locations/me-west1/services/forgotpassword","timeoutSeconds":120,"environmentVariables":{"MAIL_USER":"itai.rosenblum@gmail.com","MAIL_PASS":"fxkwnsduixhjlohj","ADMIN_EMAIL":"itai.rosenblum@gmail.com","FIREBASE_CONFIG":"{\"projectId\":\"matlam-e5288\",\"storageBucket\":\"matlam-e5288.firebasestorage.app\"}","GCLOUD_PROJECT":"matlam-e5288","EVENTARC_CLOUD_EVENT_SOURCE":"projects/matlam-e5288/locations/me-west1/services/forgotPassword","FUNCTION_REGION":"me-west1","FUNCTION_TARGET":"forgotPassword","LOG_EXECUTION_ID":"true","FUNCTION_SIGNATURE_TYPE":"http"},"maxInstanceCount":5,"ingressSettings":"ALLOW_ALL","uri":"https://forgotpassword-cwgid56i3a-zf.a.run.app","serviceAccountEmail":"752992069219-compute@developer.gserviceaccount.com","availableMemory":"512Mi","allTrafficOnLatestRevision":true,"revision":"forgotpassword-00017-zuq","maxInstanceRequestConcurrency":80,"availableCpu":"1"},"state":"ACTIVE","updateTime":"2026-09-23T21:10:43.407059338Z","labels":{"deployment-tool":"cli-firebase","deployment-callable":"true","firebase-functions-hash":"88e5c3396623fb5fca3bc538727d5106353db8e4"},"environment":"GEN_2","url":"https://me-west1-matlam-e5288.cloudfunctions.net/forgotPassword","satisfiesPzs":true,"createTime":"2026-09-16T08:36:16.793304136Z","satisfiesPzi":true},{"name":"projects/matlam-e5288/locations/me-west1/functions/login","buildConfig":{"build":"projects/752992069219/locations/me-west1/builds/7bb35a20-708c-4015-9976-a6f50a24591f","runtime":"nodejs22","entryPoint":"login","source":{"storageSource":{"bucket":"gcf-v2-sources-752992069219-me-west1","object":"login/function-source.zip","generation":"1790197834581992"}},"environmentVariables":{"GOOGLE_NODE_RUN_SCRIPTS":""},"dockerRepository":"projects/matlam-e5288/locations/me-west1/repositories/gcf-artifacts","sourceProvenance":{"resolvedStorageSource":{"bucket":"gcf-v2-sources-752992069219-me-west1","object":"login/function-source.zip","generation":"1790197834581992"}},"dockerRegistry":"ARTIFACT_REGISTRY","serviceAccount":"projects/matlam-e5288/serviceAccounts/752992069219-compute@developer.gserviceaccount.com","automaticUpdatePolicy":{}},"serviceConfig":{"service":"projects/matlam-e5288/locations/me-west1/services/login","timeoutSeconds":120,"environmentVariables":{"MAIL_USER":"itai.rosenblum@gmail.com","MAIL_PASS":"fxkwnsduixhjlohj","ADMIN_EMAIL":"itai.rosenblum@gmail.com","FIREBASE_CONFIG":"{\"projectId\":\"matlam-e5288\",\"storageBucket\":\"matlam-e5288.firebasestorage.app\"}","GCLOUD_PROJECT":"matlam-e5288","EVENTARC_CLOUD_EVENT_SOURCE":"projects/matlam-e5288/locations/me-west1/services/login","FUNCTION_REGION":"me-west1","FUNCTION_TARGET":"login","LOG_EXECUTION_ID":"true","FUNCTION_SIGNATURE_TYPE":"http"},"maxInstanceCount":5,"ingressSettings":"ALLOW_ALL","uri":"https://login-cwgid56i3a-zf.a.run.app","serviceAccountEmail":"752992069219-compute@developer.gserviceaccount.com","availableMemory":"512Mi","allTrafficOnLatestRevision":true,"revision":"login-00030-dof","maxInstanceRequestConcurrency":80,"availableCpu":"1"},"state":"ACTIVE","updateTime":"2026-09-23T21:10:42.829947459Z","labels":{"deployment-callable":"true","firebase-functions-hash":"88e5c3396623fb5fca3bc538727d5106353db8e4","deployment-tool":"cli-firebase"},"environment":"GEN_2","url":"https://me-west1-matlam-e5288.cloudfunctions.net/login","satisfiesPzs":true,"createTime":"2026-09-16T04:28:40.655941552Z","satisfiesPzi":true},{"name":"projects/matlam-e5288/locations/me-west1/functions/exportBackup","buildConfig":{"build":"projects/752992069219/locations/me-west1/builds/64b5d1cf-4868-4258-98c6-02b908ce150c","runtime":"nodejs22","entryPoint":"exportBackup","source":{"storageSource":{"bucket":"gcf-v2-sources-752992069219-me-west1","object":"exportBackup/function-source.zip","generation":"1790197798987228"}},"environmentVariables":{"GOOGLE_NODE_RUN_SCRIPTS":""},"dockerRepository":"projects/matlam-e5288/locations/me-west1/repositories/gcf-artifacts","sourceProvenance":{"resolvedStorageSource":{"bucket":"gcf-v2-sources-752992069219-me-west1","object":"exportBackup/function-source.zip","generation":"1790197798987228"}},"dockerRegistry":"ARTIFACT_REGISTRY","serviceAccount":"projects/matlam-e5288/serviceAccounts/752992069219-compute@developer.gserviceaccount.com","automaticUpdatePolicy":{}},"serviceConfig":{"service":"projects/matlam-e5288/locations/me-west1/services/exportbackup","timeoutSeconds":120,"environmentVariables":{"MAIL_USER":"itai.rosenblum@gmail.com","MAIL_PASS":"fxkwnsduixhjlohj","ADMIN_EMAIL":"itai.rosenblum@gmail.com","FIREBASE_CONFIG":"{\"projectId\":\"matlam-e5288\",\"storageBucket\":\"matlam-e5288.firebasestorage.app\"}","GCLOUD_PROJECT":"matlam-e5288","EVENTARC_CLOUD_EVENT_SOURCE":"projects/matlam-e5288/locations/me-west1/services/exportBackup","FUNCTION_REGION":"me-west1","FUNCTION_TARGET":"exportBackup","LOG_EXECUTION_ID":"true"},"maxInstanceCount":5,"ingressSettings":"ALLOW_ALL","uri":"https://exportbackup-cwgid56i3a-zf.a.run.app","serviceAccountEmail":"752992069219-compute@developer.gserviceaccount.com","availableMemory":"1024Mi","allTrafficOnLatestRevision":true,"revision":"exportbackup-00012-gij","maxInstanceRequestConcurrency":80,"availableCpu":"1"},"state":"ACTIVE","updateTime":"2026-09-23T21:10:44.160082393Z","labels":{"deployment-tool":"cli-firebase","deployment-callable":"true","firebase-functions-hash":"88e5c3396623fb5fca3bc538727d5106353db8e4"},"environment":"GEN_2","url":"https://me-west1-matlam-e5288.cloudfunctions.net/exportBackup","satisfiesPzs":true,"createTime":"2026-09-17T03:49:31.951741876Z","satisfiesPzi":true},{"name":"projects/matlam-e5288/locations/me-west1/functions/api","buildConfig":{"build":"projects/752992069219/locations/me-west1/builds/7bb35a20-708c-4015-9976-a6f50a24591f","runtime":"nodejs22","entryPoint":"api","source":{"storageSource":{"bucket":"gcf-v2-sources-752992069219-me-west1","object":"api/function-source.zip","generation":"1790197798922523"}},"environmentVariables":{"GOOGLE_NODE_RUN_SCRIPTS":""},"dockerRepository":"projects/matlam-e5288/locations/me-west1/repositories/gcf-artifacts","sourceProvenance":{"resolvedStorageSource":{"bucket":"gcf-v2-sources-752992069219-me-west1","object":"api/function-source.zip","generation":"1790197798922523"}},"dockerRegistry":"ARTIFACT_REGISTRY","serviceAccount":"projects/matlam-e5288/serviceAccounts/752992069219-compute@developer.gserviceaccount.com","automaticUpdatePolicy":{}},"serviceConfig":{"service":"projects/matlam-e5288/locations/me-west1/services/api","timeoutSeconds":120,"environmentVariables":{"MAIL_USER":"itai.rosenblum@gmail.com","MAIL_PASS":"fxkwnsduixhjlohj","ADMIN_EMAIL":"itai.rosenblum@gmail.com","FIREBASE_CONFIG":"{\"projectId\":\"matlam-e5288\",\"storageBucket\":\"matlam-e5288.firebasestorage.app\"}","GCLOUD_PROJECT":"matlam-e5288","EVENTARC_CLOUD_EVENT_SOURCE":"projects/matlam-e5288/locations/me-west1/services/api","FUNCTION_REGION":"me-west1","FUNCTION_TARGET":"api","LOG_EXECUTION_ID":"true"},"maxInstanceCount":5,"ingressSettings":"ALLOW_ALL","uri":"https://api-cwgid56i3a-zf.a.run.app","serviceAccountEmail":"752992069219-compute@developer.gserviceaccount.com","availableMemory":"512Mi","allTrafficOnLatestRevision":true,"revision":"api-00031-saf","maxInstanceRequestConcurrency":80,"availableCpu":"1"},"state":"ACTIVE","updateTime":"2026-09-23T21:10:40.735555830Z","labels":{"deployment-callable":"true","firebase-functions-hash":"88e5c3396623fb5fca3bc538727d5106353db8e4","deployment-tool":"cli-firebase"},"environment":"GEN_2","url":"https://me-west1-matlam-e5288.cloudfunctions.net/api","satisfiesPzs":true,"createTime":"2026-09-16T04:29:20.071458875Z","satisfiesPzi":true}]}
i  extensions: ensuring required API firebaseextensions.googleapis.com is enabled... 
[2026-10-04T08:15:48.398Z] No OAuth tokens found
[2026-10-04T08:15:48.398Z] >>> [apiv2][query] GET https://serviceusage.googleapis.com/v1/projects/matlam-e5288/services/firebaseextensions.googleapis.com [none]
[2026-10-04T08:15:48.398Z] >>> [apiv2][(partial)header] GET https://serviceusage.googleapis.com/v1/projects/matlam-e5288/services/firebaseextensions.googleapis.com  x-goog-user-project=matlam-e5288
[2026-10-04T08:15:48.675Z] <<< [apiv2][status] GET https://serviceusage.googleapis.com/v1/projects/matlam-e5288/services/firebaseextensions.googleapis.com 200
[2026-10-04T08:15:48.676Z] <<< [apiv2][body] GET https://serviceusage.googleapis.com/v1/projects/matlam-e5288/services/firebaseextensions.googleapis.com [omitted]
✔  extensions: required API firebaseextensions.googleapis.com is enabled 
[2026-10-04T08:15:48.679Z] > command requires scopes: ["email","openid","https://www.googleapis.com/auth/cloudplatformprojects.readonly","https://www.googleapis.com/auth/firebase","https://www.googleapis.com/auth/cloud-platform"]
[2026-10-04T08:15:48.679Z] Running auto auth
[2026-10-04T08:15:48.679Z] [iam] checking project matlam-e5288 for permissions ["firebase.projects.get","firebaseextensions.instances.list"]
[2026-10-04T08:15:48.679Z] No OAuth tokens found
[2026-10-04T08:15:48.679Z] >>> [apiv2][query] POST https://cloudresourcemanager.googleapis.com/v1/projects/matlam-e5288:testIamPermissions [none]
[2026-10-04T08:15:48.679Z] >>> [apiv2][(partial)header] POST https://cloudresourcemanager.googleapis.com/v1/projects/matlam-e5288:testIamPermissions  x-goog-user-project=matlam-e5288
[2026-10-04T08:15:48.679Z] >>> [apiv2][body] POST https://cloudresourcemanager.googleapis.com/v1/projects/matlam-e5288:testIamPermissions {"permissions":["firebase.projects.get","firebaseextensions.instances.list"]}
[2026-10-04T08:15:48.881Z] <<< [apiv2][status] POST https://cloudresourcemanager.googleapis.com/v1/projects/matlam-e5288:testIamPermissions 200
[2026-10-04T08:15:48.882Z] <<< [apiv2][body] POST https://cloudresourcemanager.googleapis.com/v1/projects/matlam-e5288:testIamPermissions {"permissions":["firebase.projects.get","firebaseextensions.instances.list"]}
[2026-10-04T08:15:48.882Z] No OAuth tokens found
[2026-10-04T08:15:48.882Z] >>> [apiv2][query] GET https://firebaseextensions.googleapis.com/v1beta/projects/matlam-e5288/instances pageSize=100&pageToken=
[2026-10-04T08:15:49.181Z] <<< [apiv2][status] GET https://firebaseextensions.googleapis.com/v1beta/projects/matlam-e5288/instances 200
[2026-10-04T08:15:49.181Z] <<< [apiv2][body] GET https://firebaseextensions.googleapis.com/v1beta/projects/matlam-e5288/instances {}
i  functions: Loaded environment variables from functions/.env 
[2026-10-04T08:15:49.182Z] Attempting to merge .env secret bindings {} into declared secrets...)}
[2026-10-04T08:15:49.183Z] api declared secrets: undefined
[2026-10-04T08:15:49.183Z] exportBackup declared secrets: undefined
[2026-10-04T08:15:49.183Z] forgotPassword declared secrets: undefined
[2026-10-04T08:15:49.183Z] importData declared secrets: undefined
[2026-10-04T08:15:49.183Z] login declared secrets: undefined
i  functions: preparing functions directory for uploading... 
i  functions: packaged /home/runner/work/matlam/matlam/functions (118.56 KB) for uploading 
i  functions: ensuring required API run.googleapis.com is enabled... 
[2026-10-04T08:15:49.220Z] No OAuth tokens found
i  functions: ensuring required API eventarc.googleapis.com is enabled... 
[2026-10-04T08:15:49.220Z] No OAuth tokens found
i  functions: ensuring required API pubsub.googleapis.com is enabled... 
[2026-10-04T08:15:49.221Z] No OAuth tokens found
i  functions: ensuring required API storage.googleapis.com is enabled... 
[2026-10-04T08:15:49.221Z] No OAuth tokens found
[2026-10-04T08:15:49.221Z] >>> [apiv2][query] GET https://serviceusage.googleapis.com/v1/projects/752992069219/services/run.googleapis.com [none]
[2026-10-04T08:15:49.221Z] >>> [apiv2][(partial)header] GET https://serviceusage.googleapis.com/v1/projects/752992069219/services/run.googleapis.com  x-goog-user-project=752992069219
[2026-10-04T08:15:49.222Z] >>> [apiv2][query] GET https://serviceusage.googleapis.com/v1/projects/752992069219/services/eventarc.googleapis.com [none]
[2026-10-04T08:15:49.222Z] >>> [apiv2][(partial)header] GET https://serviceusage.googleapis.com/v1/projects/752992069219/services/eventarc.googleapis.com  x-goog-user-project=752992069219
[2026-10-04T08:15:49.223Z] >>> [apiv2][query] GET https://serviceusage.googleapis.com/v1/projects/752992069219/services/pubsub.googleapis.com [none]
[2026-10-04T08:15:49.223Z] >>> [apiv2][(partial)header] GET https://serviceusage.googleapis.com/v1/projects/752992069219/services/pubsub.googleapis.com  x-goog-user-project=752992069219
[2026-10-04T08:15:49.224Z] >>> [apiv2][query] GET https://serviceusage.googleapis.com/v1/projects/752992069219/services/storage.googleapis.com [none]
[2026-10-04T08:15:49.224Z] >>> [apiv2][(partial)header] GET https://serviceusage.googleapis.com/v1/projects/752992069219/services/storage.googleapis.com  x-goog-user-project=752992069219
[2026-10-04T08:15:49.424Z] <<< [apiv2][status] GET https://serviceusage.googleapis.com/v1/projects/752992069219/services/storage.googleapis.com 200
[2026-10-04T08:15:49.424Z] <<< [apiv2][body] GET https://serviceusage.googleapis.com/v1/projects/752992069219/services/storage.googleapis.com [omitted]
✔  functions: required API storage.googleapis.com is enabled 
[2026-10-04T08:15:49.495Z] <<< [apiv2][status] GET https://serviceusage.googleapis.com/v1/projects/752992069219/services/eventarc.googleapis.com 200
[2026-10-04T08:15:49.495Z] <<< [apiv2][body] GET https://serviceusage.googleapis.com/v1/projects/752992069219/services/eventarc.googleapis.com [omitted]
✔  functions: required API eventarc.googleapis.com is enabled 
[2026-10-04T08:15:49.511Z] <<< [apiv2][status] GET https://serviceusage.googleapis.com/v1/projects/752992069219/services/run.googleapis.com 200
[2026-10-04T08:15:49.512Z] <<< [apiv2][body] GET https://serviceusage.googleapis.com/v1/projects/752992069219/services/run.googleapis.com [omitted]
✔  functions: required API run.googleapis.com is enabled 
[2026-10-04T08:15:49.626Z] <<< [apiv2][status] GET https://serviceusage.googleapis.com/v1/projects/752992069219/services/pubsub.googleapis.com 200
[2026-10-04T08:15:49.626Z] <<< [apiv2][body] GET https://serviceusage.googleapis.com/v1/projects/752992069219/services/pubsub.googleapis.com [omitted]
✔  functions: required API pubsub.googleapis.com is enabled 
i  functions: generating the service identity for pubsub.googleapis.com... 
[2026-10-04T08:15:49.628Z] No OAuth tokens found
i  functions: generating the service identity for eventarc.googleapis.com... 
[2026-10-04T08:15:49.628Z] No OAuth tokens found
[2026-10-04T08:15:49.628Z] >>> [apiv2][query] POST https://serviceusage.googleapis.com/v1beta1/projects/752992069219/services/pubsub.googleapis.com:generateServiceIdentity [none]
[2026-10-04T08:15:49.629Z] >>> [apiv2][(partial)header] POST https://serviceusage.googleapis.com/v1beta1/projects/752992069219/services/pubsub.googleapis.com:generateServiceIdentity  x-goog-user-project=752992069219
[2026-10-04T08:15:49.629Z] >>> [apiv2][body] POST https://serviceusage.googleapis.com/v1beta1/projects/752992069219/services/pubsub.googleapis.com:generateServiceIdentity {}
[2026-10-04T08:15:49.629Z] >>> [apiv2][query] POST https://serviceusage.googleapis.com/v1beta1/projects/752992069219/services/eventarc.googleapis.com:generateServiceIdentity [none]
[2026-10-04T08:15:49.629Z] >>> [apiv2][(partial)header] POST https://serviceusage.googleapis.com/v1beta1/projects/752992069219/services/eventarc.googleapis.com:generateServiceIdentity  x-goog-user-project=752992069219
[2026-10-04T08:15:49.629Z] >>> [apiv2][body] POST https://serviceusage.googleapis.com/v1beta1/projects/752992069219/services/eventarc.googleapis.com:generateServiceIdentity {}
[2026-10-04T08:15:49.940Z] <<< [apiv2][status] POST https://serviceusage.googleapis.com/v1beta1/projects/752992069219/services/pubsub.googleapis.com:generateServiceIdentity 200
[2026-10-04T08:15:49.940Z] <<< [apiv2][body] POST https://serviceusage.googleapis.com/v1beta1/projects/752992069219/services/pubsub.googleapis.com:generateServiceIdentity {"name":"operations/finished.DONE_OPERATION","done":true,"response":{"@type":"type.googleapis.com/google.api.serviceusage.v1beta1.ServiceIdentity","email":"service-752992069219@gcp-sa-pubsub.iam.gserviceaccount.com","uniqueId":"114902141747028790805"}}
[2026-10-04T08:15:49.942Z] <<< [apiv2][status] POST https://serviceusage.googleapis.com/v1beta1/projects/752992069219/services/eventarc.googleapis.com:generateServiceIdentity 200
[2026-10-04T08:15:49.942Z] <<< [apiv2][body] POST https://serviceusage.googleapis.com/v1beta1/projects/752992069219/services/eventarc.googleapis.com:generateServiceIdentity {"name":"operations/finished.DONE_OPERATION","done":true,"response":{"@type":"type.googleapis.com/google.api.serviceusage.v1beta1.ServiceIdentity","email":"service-752992069219@gcp-sa-eventarc.iam.gserviceaccount.com","uniqueId":"117635807227503883319"}}
[2026-10-04T08:15:49.945Z] No OAuth tokens found
[2026-10-04T08:15:49.945Z] >>> [apiv2][query] GET https://firebaserules.googleapis.com/v1/projects/matlam-e5288/releases pageSize=10&pageToken=
[2026-10-04T08:15:50.286Z] <<< [apiv2][status] GET https://firebaserules.googleapis.com/v1/projects/matlam-e5288/releases 200
[2026-10-04T08:15:50.286Z] <<< [apiv2][body] GET https://firebaserules.googleapis.com/v1/projects/matlam-e5288/releases {"releases":[{"name":"projects/matlam-e5288/releases/cloud.firestore","rulesetName":"projects/matlam-e5288/rulesets/fcd4662d-1a3c-46fc-9f3d-903dba5661bb","createTime":"2026-09-16T02:21:48.514805Z","updateTime":"2026-09-23T21:09:56.848621Z"}]}
[2026-10-04T08:15:50.287Z] No OAuth tokens found
[2026-10-04T08:15:50.287Z] >>> [apiv2][query] GET https://firebaserules.googleapis.com/v1/projects/matlam-e5288/rulesets/fcd4662d-1a3c-46fc-9f3d-903dba5661bb [none]
[2026-10-04T08:15:50.575Z] <<< [apiv2][status] GET https://firebaserules.googleapis.com/v1/projects/matlam-e5288/rulesets/fcd4662d-1a3c-46fc-9f3d-903dba5661bb 200
[2026-10-04T08:15:50.575Z] <<< [apiv2][body] GET https://firebaserules.googleapis.com/v1/projects/matlam-e5288/rulesets/fcd4662d-1a3c-46fc-9f3d-903dba5661bb [omitted]
i  firestore: latest version of firestore.rules already up to date, skipping upload... 
[2026-10-04T08:15:50.576Z] No OAuth tokens found
[2026-10-04T08:15:50.576Z] >>> [apiv2][query] GET https://serviceusage.googleapis.com/v1/projects/matlam-e5288/services/cloudbilling.googleapis.com [none]
[2026-10-04T08:15:50.576Z] >>> [apiv2][(partial)header] GET https://serviceusage.googleapis.com/v1/projects/matlam-e5288/services/cloudbilling.googleapis.com  x-goog-user-project=matlam-e5288
[2026-10-04T08:15:50.719Z] <<< [apiv2][status] GET https://serviceusage.googleapis.com/v1/projects/matlam-e5288/services/cloudbilling.googleapis.com 200
[2026-10-04T08:15:50.719Z] <<< [apiv2][body] GET https://serviceusage.googleapis.com/v1/projects/matlam-e5288/services/cloudbilling.googleapis.com [omitted]
[2026-10-04T08:15:50.721Z] No OAuth tokens found
[2026-10-04T08:15:50.721Z] >>> [apiv2][query] GET https://cloudbilling.googleapis.com/v1/projects/matlam-e5288/billingInfo [none]
[2026-10-04T08:15:50.721Z] >>> [apiv2][(partial)header] GET https://cloudbilling.googleapis.com/v1/projects/matlam-e5288/billingInfo  x-goog-user-project=matlam-e5288
[2026-10-04T08:15:50.917Z] <<< [apiv2][status] GET https://cloudbilling.googleapis.com/v1/projects/matlam-e5288/billingInfo 200
[2026-10-04T08:15:50.918Z] <<< [apiv2][body] GET https://cloudbilling.googleapis.com/v1/projects/matlam-e5288/billingInfo {"name":"projects/matlam-e5288/billingInfo","projectId":"matlam-e5288","billingAccountName":"billingAccounts/0165BA-218390-B1D016","billingEnabled":true}
[2026-10-04T08:15:50.919Z] No OAuth tokens found
[2026-10-04T08:15:50.919Z] >>> [apiv2][query] POST https://cloudfunctions.googleapis.com/v2/projects/matlam-e5288/locations/me-west1/functions:generateUploadUrl [none]
[2026-10-04T08:15:52.258Z] <<< [apiv2][status] POST https://cloudfunctions.googleapis.com/v2/projects/matlam-e5288/locations/me-west1/functions:generateUploadUrl 200
[2026-10-04T08:15:52.258Z] <<< [apiv2][body] POST https://cloudfunctions.googleapis.com/v2/projects/matlam-e5288/locations/me-west1/functions:generateUploadUrl {"uploadUrl":"https://storage.googleapis.com/gcf-v2-uploads-752992069219.me-west1.cloudfunctions.appspot.com/223319b8-e396-4b3f-a1fe-3b5a3cda964c.zip?GoogleAccessId=service-752992069219@gcf-admin-robot.iam.gserviceaccount.com&Expires=1791103552&Signature=fFBEaIYwGVMD152PjwmcTFu6b9%2FZr%2FUn96UXSvj%2Fn%2BM50KTH2kx2Lv7vOlc2l8OAfm51ie7bY6bDoacI4H50oJOF%2F2Hlp9S9HehUTZvir1tMFPRpvkrqeNoOk7WlQa19gKrRBfHpVGRersCbprz578szSX1CZgbgb%2FcqcsJeiJEtlPifoQhkPJAR9YCLGDBqvY2TB5QOEMZLLm812iQC4hil2IgVUV%2FWEqe5eFulQ4qJLLlkMQ0nBdR5d7HNG34rM6DArt5McaM76DE264vtIUIyJCJyvei6Yc2kNsR7FzgMY6lsut3RhwoZH5H8CCTFLe0Ss%2ByW4zZideRsg3R6DA%3D%3D","storageSource":{"bucket":"gcf-v2-uploads-752992069219.me-west1.cloudfunctions.appspot.com","object":"223319b8-e396-4b3f-a1fe-3b5a3cda964c.zip"}}
[2026-10-04T08:15:52.258Z] >>> [apiv2][query] PUT https://storage.googleapis.com/gcf-v2-uploads-752992069219.me-west1.cloudfunctions.appspot.com/223319b8-e396-4b3f-a1fe-3b5a3cda964c.zip GoogleAccessId=service-752992069219%40gcf-admin-robot.iam.gserviceaccount.com&Expires=1791103552&Signature=fFBEaIYwGVMD152PjwmcTFu6b9%2FZr%2FUn96UXSvj%2Fn%2BM50KTH2kx2Lv7vOlc2l8OAfm51ie7bY6bDoacI4H50oJOF%2F2Hlp9S9HehUTZvir1tMFPRpvkrqeNoOk7WlQa19gKrRBfHpVGRersCbprz578szSX1CZgbgb%2FcqcsJeiJEtlPifoQhkPJAR9YCLGDBqvY2TB5QOEMZLLm812iQC4hil2IgVUV%2FWEqe5eFulQ4qJLLlkMQ0nBdR5d7HNG34rM6DArt5McaM76DE264vtIUIyJCJyvei6Yc2kNsR7FzgMY6lsut3RhwoZH5H8CCTFLe0Ss%2ByW4zZideRsg3R6DA%3D%3D
[2026-10-04T08:15:52.259Z] >>> [apiv2][body] PUT https://storage.googleapis.com/gcf-v2-uploads-752992069219.me-west1.cloudfunctions.appspot.com/223319b8-e396-4b3f-a1fe-3b5a3cda964c.zip [stream]
[2026-10-04T08:15:53.768Z] <<< [apiv2][status] PUT https://storage.googleapis.com/gcf-v2-uploads-752992069219.me-west1.cloudfunctions.appspot.com/223319b8-e396-4b3f-a1fe-3b5a3cda964c.zip 200
[2026-10-04T08:15:53.768Z] <<< [apiv2][body] PUT https://storage.googleapis.com/gcf-v2-uploads-752992069219.me-west1.cloudfunctions.appspot.com/223319b8-e396-4b3f-a1fe-3b5a3cda964c.zip [omitted]
✔  functions: functions source uploaded successfully 
[2026-10-04T08:15:53.768Z] [rules] releasing cloud.firestore with ruleset projects/matlam-e5288/rulesets/fcd4662d-1a3c-46fc-9f3d-903dba5661bb
[2026-10-04T08:15:53.769Z] No OAuth tokens found
[2026-10-04T08:15:53.769Z] >>> [apiv2][query] PATCH https://firebaserules.googleapis.com/v1/projects/matlam-e5288/releases/cloud.firestore [none]
[2026-10-04T08:15:53.769Z] >>> [apiv2][body] PATCH https://firebaserules.googleapis.com/v1/projects/matlam-e5288/releases/cloud.firestore {"release":{"name":"projects/matlam-e5288/releases/cloud.firestore","rulesetName":"projects/matlam-e5288/rulesets/fcd4662d-1a3c-46fc-9f3d-903dba5661bb"}}
[2026-10-04T08:15:54.151Z] <<< [apiv2][status] PATCH https://firebaserules.googleapis.com/v1/projects/matlam-e5288/releases/cloud.firestore 200
[2026-10-04T08:15:54.151Z] <<< [apiv2][body] PATCH https://firebaserules.googleapis.com/v1/projects/matlam-e5288/releases/cloud.firestore {"name":"projects/matlam-e5288/releases/cloud.firestore","rulesetName":"projects/matlam-e5288/rulesets/fcd4662d-1a3c-46fc-9f3d-903dba5661bb","createTime":"2026-09-16T02:21:48.514805Z","updateTime":"2026-10-04T08:15:54.112442Z"}
[2026-10-04T08:15:54.151Z] [rules] updated release projects/matlam-e5288/releases/cloud.firestore
✔  firestore: released rules firestore.rules to cloud.firestore 
i  functions: updating Node.js 22 (2nd Gen) function api(me-west1)... 
i  functions: updating Node.js 22 (2nd Gen) function forgotPassword(me-west1)... 
i  functions: updating Node.js 22 (2nd Gen) function login(me-west1)... 
i  functions: updating Node.js 22 (2nd Gen) function exportBackup(me-west1)... 
i  functions: updating Node.js 22 (2nd Gen) function importData(me-west1)... 
[2026-10-04T08:15:54.156Z] No OAuth tokens found
[2026-10-04T08:15:54.156Z] No OAuth tokens found
[2026-10-04T08:15:54.157Z] >>> [apiv2][query] PATCH https://cloudfunctions.googleapis.com/v2/projects/matlam-e5288/locations/me-west1/functions/api updateMask=name%2CbuildConfig.runtime%2CbuildConfig.entryPoint%2CbuildConfig.source.storageSource.bucket%2CbuildConfig.source.storageSource.object%2CbuildConfig.environmentVariables%2CserviceConfig.environmentVariables%2CserviceConfig.ingressSettings%2CserviceConfig.timeoutSeconds%2CserviceConfig.serviceAccountEmail%2CserviceConfig.availableMemory%2CserviceConfig.minInstanceCount%2CserviceConfig.maxInstanceCount%2CserviceConfig.maxInstanceRequestConcurrency%2CserviceConfig.availableCpu%2CserviceConfig.vpcConnector%2CserviceConfig.vpcConnectorEgressSettings%2CserviceConfig.directVpcNetworkInterface%2CserviceConfig.directVpcEgress%2Clabels
[2026-10-04T08:15:54.157Z] >>> [apiv2][body] PATCH https://cloudfunctions.googleapis.com/v2/projects/matlam-e5288/locations/me-west1/functions/api {"name":"projects/matlam-e5288/locations/me-west1/functions/api","buildConfig":{"runtime":"nodejs22","entryPoint":"api","source":{"storageSource":{"bucket":"gcf-v2-uploads-752992069219.me-west1.cloudfunctions.appspot.com","object":"223319b8-e396-4b3f-a1fe-3b5a3cda964c.zip"}},"environmentVariables":{"GOOGLE_NODE_RUN_SCRIPTS":""}},"serviceConfig":{"environmentVariables":{"MAIL_USER":"itai.rosenblum@gmail.com","MAIL_PASS":"fxkwnsduixhjlohj","ADMIN_EMAIL":"itai.rosenblum@gmail.com","FIREBASE_CONFIG":"{\"projectId\":\"matlam-e5288\",\"storageBucket\":\"matlam-e5288.firebasestorage.app\"}","GCLOUD_PROJECT":"matlam-e5288","EVENTARC_CLOUD_EVENT_SOURCE":"projects/matlam-e5288/locations/me-west1/services/api","FUNCTION_REGION":"me-west1","FUNCTION_TARGET":"api","LOG_EXECUTION_ID":"true"},"ingressSettings":null,"timeoutSeconds":120,"serviceAccountEmail":null,"availableMemory":"512Mi","minInstanceCount":null,"maxInstanceCount":5,"maxInstanceRequestConcurrency":80,"availableCpu":"1","vpcConnector":null,"vpcConnectorEgressSettings":null,"directVpcNetworkInterface":null,"directVpcEgress":null},"labels":{"deployment-tool":"cli-firebase","deployment-callable":"true","firebase-functions-hash":"ccd326c73bd47c1a0a90a04b20c377c4224928c4"}}
[2026-10-04T08:15:54.157Z] >>> [apiv2][query] PATCH https://cloudfunctions.googleapis.com/v2/projects/matlam-e5288/locations/me-west1/functions/exportBackup updateMask=name%2CbuildConfig.runtime%2CbuildConfig.entryPoint%2CbuildConfig.source.storageSource.bucket%2CbuildConfig.source.storageSource.object%2CbuildConfig.environmentVariables%2CserviceConfig.environmentVariables%2CserviceConfig.ingressSettings%2CserviceConfig.timeoutSeconds%2CserviceConfig.serviceAccountEmail%2CserviceConfig.availableMemory%2CserviceConfig.minInstanceCount%2CserviceConfig.maxInstanceCount%2CserviceConfig.maxInstanceRequestConcurrency%2CserviceConfig.availableCpu%2CserviceConfig.vpcConnector%2CserviceConfig.vpcConnectorEgressSettings%2CserviceConfig.directVpcNetworkInterface%2CserviceConfig.directVpcEgress%2Clabels
[2026-10-04T08:15:54.158Z] >>> [apiv2][body] PATCH https://cloudfunctions.googleapis.com/v2/projects/matlam-e5288/locations/me-west1/functions/exportBackup {"name":"projects/matlam-e5288/locations/me-west1/functions/exportBackup","buildConfig":{"runtime":"nodejs22","entryPoint":"exportBackup","source":{"storageSource":{"bucket":"gcf-v2-uploads-752992069219.me-west1.cloudfunctions.appspot.com","object":"223319b8-e396-4b3f-a1fe-3b5a3cda964c.zip"}},"environmentVariables":{"GOOGLE_NODE_RUN_SCRIPTS":""}},"serviceConfig":{"environmentVariables":{"MAIL_USER":"itai.rosenblum@gmail.com","MAIL_PASS":"fxkwnsduixhjlohj","ADMIN_EMAIL":"itai.rosenblum@gmail.com","FIREBASE_CONFIG":"{\"projectId\":\"matlam-e5288\",\"storageBucket\":\"matlam-e5288.firebasestorage.app\"}","GCLOUD_PROJECT":"matlam-e5288","EVENTARC_CLOUD_EVENT_SOURCE":"projects/matlam-e5288/locations/me-west1/services/exportBackup","FUNCTION_REGION":"me-west1","FUNCTION_TARGET":"exportBackup","LOG_EXECUTION_ID":"true"},"ingressSettings":null,"timeoutSeconds":120,"serviceAccountEmail":null,"availableMemory":"1024Mi","minInstanceCount":null,"maxInstanceCount":5,"maxInstanceRequestConcurrency":80,"availableCpu":"1","vpcConnector":null,"vpcConnectorEgressSettings":null,"directVpcNetworkInterface":null,"directVpcEgress":null},"labels":{"deployment-tool":"cli-firebase","deployment-callable":"true","firebase-functions-hash":"ccd326c73bd47c1a0a90a04b20c377c4224928c4"}}
[2026-10-04T08:15:56.614Z] <<< [apiv2][status] PATCH https://cloudfunctions.googleapis.com/v2/projects/matlam-e5288/locations/me-west1/functions/api 200
[2026-10-04T08:15:56.615Z] <<< [apiv2][body] PATCH https://cloudfunctions.googleapis.com/v2/projects/matlam-e5288/locations/me-west1/functions/api {"name":"projects/matlam-e5288/locations/me-west1/operations/operation-1791101755228-65cff5fe082af-0bedb51e-a3392b2e","metadata":{"@type":"type.googleapis.com/google.cloud.functions.v2.OperationMetadata","createTime":"2026-10-04T08:15:56.495787925Z","target":"projects/matlam-e5288/locations/me-west1/functions/api","verb":"update","cancelRequested":false,"apiVersion":"v2"},"done":false}
[2026-10-04T08:15:56.616Z] No OAuth tokens found
[2026-10-04T08:15:56.616Z] >>> [apiv2][query] GET https://cloudfunctions.googleapis.com/v2/projects/matlam-e5288/locations/me-west1/operations/operation-1791101755228-65cff5fe082af-0bedb51e-a3392b2e [none]
[2026-10-04T08:15:56.638Z] <<< [apiv2][status] PATCH https://cloudfunctions.googleapis.com/v2/projects/matlam-e5288/locations/me-west1/functions/exportBackup 200
[2026-10-04T08:15:56.638Z] <<< [apiv2][body] PATCH https://cloudfunctions.googleapis.com/v2/projects/matlam-e5288/locations/me-west1/functions/exportBackup {"name":"projects/matlam-e5288/locations/me-west1/operations/operation-1791101755264-65cff5fe10cd4-83a5c5d1-82078ef6","metadata":{"@type":"type.googleapis.com/google.cloud.functions.v2.OperationMetadata","createTime":"2026-10-04T08:15:56.517943010Z","target":"projects/matlam-e5288/locations/me-west1/functions/exportBackup","verb":"update","cancelRequested":false,"apiVersion":"v2"},"done":false}
[2026-10-04T08:15:56.638Z] No OAuth tokens found
[2026-10-04T08:15:56.639Z] >>> [apiv2][query] GET https://cloudfunctions.googleapis.com/v2/projects/matlam-e5288/locations/me-west1/operations/operation-1791101755264-65cff5fe10cd4-83a5c5d1-82078ef6 [none]
[2026-10-04T08:15:57.791Z] <<< [apiv2][status] GET https://cloudfunctions.googleapis.com/v2/projects/matlam-e5288/locations/me-west1/operations/operation-1791101755228-65cff5fe082af-0bedb51e-a3392b2e 200
[2026-10-04T08:15:57.791Z] <<< [apiv2][body] GET https://cloudfunctions.googleapis.com/v2/projects/matlam-e5288/locations/me-west1/operations/operation-1791101755228-65cff5fe082af-0bedb51e-a3392b2e {"name":"projects/matlam-e5288/locations/me-west1/operations/operation-1791101755228-65cff5fe082af-0bedb51e-a3392b2e","metadata":{"@type":"type.googleapis.com/google.cloud.functions.v2.OperationMetadata","createTime":"2026-10-04T08:15:56.495787925Z","target":"projects/matlam-e5288/locations/me-west1/functions/api","verb":"update","cancelRequested":false,"apiVersion":"v2","requestResource":{"@type":"type.googleapis.com/google.cloud.functions.v2.Function","name":"projects/matlam-e5288/locations/me-west1/functions/api","buildConfig":{"runtime":"nodejs22","entryPoint":"api","source":{"storageSource":{"bucket":"gcf-v2-sources-752992069219-me-west1","object":"api/function-source.zip","generation":"1791101756450314"}},"environmentVariables":{"GOOGLE_NODE_RUN_SCRIPTS":""},"dockerRepository":"projects/matlam-e5288/locations/me-west1/repositories/gcf-artifacts","sourceProvenance":{"resolvedStorageSource":{"bucket":"gcf-v2-sources-752992069219-me-west1","object":"api/function-source.zip","generation":"1790197798922523"}},"dockerRegistry":"ARTIFACT_REGISTRY","serviceAccount":"projects/matlam-e5288/serviceAccounts/752992069219-compute@developer.gserviceaccount.com","automaticUpdatePolicy":{}},"serviceConfig":{"service":"projects/matlam-e5288/locations/me-west1/services/api","timeoutSeconds":120,"environmentVariables":{"MAIL_USER":"itai.rosenblum@gmail.com","MAIL_PASS":"fxkwnsduixhjlohj","ADMIN_EMAIL":"itai.rosenblum@gmail.com","FIREBASE_CONFIG":"{\"projectId\":\"matlam-e5288\",\"storageBucket\":\"matlam-e5288.firebasestorage.app\"}","GCLOUD_PROJECT":"matlam-e5288","EVENTARC_CLOUD_EVENT_SOURCE":"projects/matlam-e5288/locations/me-west1/services/api","FUNCTION_REGION":"me-west1","FUNCTION_TARGET":"api","LOG_EXECUTION_ID":"true"},"maxInstanceCount":5,"ingressSettings":"ALLOW_ALL","uri":"https://api-cwgid56i3a-zf.a.run.app","serviceAccountEmail":"752992069219-compute@developer.gserviceaccount.com","availableMemory":"512Mi","allTrafficOnLatestRevision":true,"revision":"api-00031-saf","maxInstanceRequestConcurrency":80,"availableCpu":"1"},"state":"ACTIVE","labels":{"deployment-tool":"cli-firebase","deployment-callable":"true","firebase-functions-hash":"ccd326c73bd47c1a0a90a04b20c377c4224928c4"},"environment":"GEN_2","url":"https://me-west1-matlam-e5288.cloudfunctions.net/api","satisfiesPzs":true,"satisfiesPzi":true},"stages":[{"name":"BUILD","state":"NOT_STARTED"},{"name":"SERVICE","state":"NOT_STARTED"}],"operationType":"UPDATE_FUNCTION"},"done":false}
[2026-10-04T08:15:57.817Z] <<< [apiv2][status] GET https://cloudfunctions.googleapis.com/v2/projects/matlam-e5288/locations/me-west1/operations/operation-1791101755264-65cff5fe10cd4-83a5c5d1-82078ef6 200
[2026-10-04T08:15:57.817Z] <<< [apiv2][body] GET https://cloudfunctions.googleapis.com/v2/projects/matlam-e5288/locations/me-west1/operations/operation-1791101755264-65cff5fe10cd4-83a5c5d1-82078ef6 {"name":"projects/matlam-e5288/locations/me-west1/operations/operation-1791101755264-65cff5fe10cd4-83a5c5d1-82078ef6","metadata":{"@type":"type.googleapis.com/google.cloud.functions.v2.OperationMetadata","createTime":"2026-10-04T08:15:56.517943010Z","target":"projects/matlam-e5288/locations/me-west1/functions/exportBackup","verb":"update","cancelRequested":false,"apiVersion":"v2","requestResource":{"@type":"type.googleapis.com/google.cloud.functions.v2.Function","name":"projects/matlam-e5288/locations/me-west1/functions/exportBackup","buildConfig":{"runtime":"nodejs22","entryPoint":"exportBackup","source":{"storageSource":{"bucket":"gcf-v2-sources-752992069219-me-west1","object":"exportBackup/function-source.zip","generation":"1791101756473293"}},"environmentVariables":{"GOOGLE_NODE_RUN_SCRIPTS":""},"dockerRepository":"projects/matlam-e5288/locations/me-west1/repositories/gcf-artifacts","sourceProvenance":{"resolvedStorageSource":{"bucket":"gcf-v2-sources-752992069219-me-west1","object":"exportBackup/function-source.zip","generation":"1790197798987228"}},"dockerRegistry":"ARTIFACT_REGISTRY","serviceAccount":"projects/matlam-e5288/serviceAccounts/752992069219-compute@developer.gserviceaccount.com","automaticUpdatePolicy":{}},"serviceConfig":{"service":"projects/matlam-e5288/locations/me-west1/services/exportbackup","timeoutSeconds":120,"environmentVariables":{"MAIL_USER":"itai.rosenblum@gmail.com","MAIL_PASS":"fxkwnsduixhjlohj","ADMIN_EMAIL":"itai.rosenblum@gmail.com","FIREBASE_CONFIG":"{\"projectId\":\"matlam-e5288\",\"storageBucket\":\"matlam-e5288.firebasestorage.app\"}","GCLOUD_PROJECT":"matlam-e5288","EVENTARC_CLOUD_EVENT_SOURCE":"projects/matlam-e5288/locations/me-west1/services/exportBackup","FUNCTION_REGION":"me-west1","FUNCTION_TARGET":"exportBackup","LOG_EXECUTION_ID":"true"},"maxInstanceCount":5,"ingressSettings":"ALLOW_ALL","uri":"https://exportbackup-cwgid56i3a-zf.a.run.app","serviceAccountEmail":"752992069219-compute@developer.gserviceaccount.com","availableMemory":"1024Mi","allTrafficOnLatestRevision":true,"revision":"exportbackup-00012-gij","maxInstanceRequestConcurrency":80,"availableCpu":"1"},"state":"ACTIVE","labels":{"deployment-tool":"cli-firebase","deployment-callable":"true","firebase-functions-hash":"ccd326c73bd47c1a0a90a04b20c377c4224928c4"},"environment":"GEN_2","url":"https://me-west1-matlam-e5288.cloudfunctions.net/exportBackup","satisfiesPzs":true,"satisfiesPzi":true},"stages":[{"name":"BUILD","state":"NOT_STARTED"},{"name":"SERVICE","state":"NOT_STARTED"}],"operationType":"UPDATE_FUNCTION"},"done":false}
[2026-10-04T08:15:58.291Z] [update-default-me-west1-api] Retrying task index 0
[2026-10-04T08:15:58.292Z] No OAuth tokens found
[2026-10-04T08:15:58.292Z] >>> [apiv2][query] GET https://cloudfunctions.googleapis.com/v2/projects/matlam-e5288/locations/me-west1/operations/operation-1791101755228-65cff5fe082af-0bedb51e-a3392b2e [none]
[2026-10-04T08:15:58.317Z] [update-default-me-west1-exportBackup] Retrying task index 0
[2026-10-04T08:15:58.317Z] No OAuth tokens found
[2026-10-04T08:15:58.317Z] >>> [apiv2][query] GET https://cloudfunctions.googleapis.com/v2/projects/matlam-e5288/locations/me-west1/operations/operation-1791101755264-65cff5fe10cd4-83a5c5d1-82078ef6 [none]
[2026-10-04T08:15:59.460Z] <<< [apiv2][status] GET https://cloudfunctions.googleapis.com/v2/projects/matlam-e5288/locations/me-west1/operations/operation-1791101755228-65cff5fe082af-0bedb51e-a3392b2e 200
[2026-10-04T08:15:59.460Z] <<< [apiv2][body] GET https://cloudfunctions.googleapis.com/v2/projects/matlam-e5288/locations/me-west1/operations/operation-1791101755228-65cff5fe082af-0bedb51e-a3392b2e {"name":"projects/matlam-e5288/locations/me-west1/operations/operation-1791101755228-65cff5fe082af-0bedb51e-a3392b2e","metadata":{"@type":"type.googleapis.com/google.cloud.functions.v2.OperationMetadata","createTime":"2026-10-04T08:15:56.495787925Z","target":"projects/matlam-e5288/locations/me-west1/functions/api","verb":"update","cancelRequested":false,"apiVersion":"v2","requestResource":{"@type":"type.googleapis.com/google.cloud.functions.v2.Function","name":"projects/matlam-e5288/locations/me-west1/functions/api","buildConfig":{"runtime":"nodejs22","entryPoint":"api","source":{"storageSource":{"bucket":"gcf-v2-sources-752992069219-me-west1","object":"api/function-source.zip","generation":"1791101756450314"}},"environmentVariables":{"GOOGLE_NODE_RUN_SCRIPTS":""},"dockerRepository":"projects/matlam-e5288/locations/me-west1/repositories/gcf-artifacts","sourceProvenance":{"resolvedStorageSource":{"bucket":"gcf-v2-sources-752992069219-me-west1","object":"api/function-source.zip","generation":"1790197798922523"}},"dockerRegistry":"ARTIFACT_REGISTRY","serviceAccount":"projects/matlam-e5288/serviceAccounts/752992069219-compute@developer.gserviceaccount.com","automaticUpdatePolicy":{}},"serviceConfig":{"service":"projects/matlam-e5288/locations/me-west1/services/api","timeoutSeconds":120,"environmentVariables":{"MAIL_USER":"itai.rosenblum@gmail.com","MAIL_PASS":"fxkwnsduixhjlohj","ADMIN_EMAIL":"itai.rosenblum@gmail.com","FIREBASE_CONFIG":"{\"projectId\":\"matlam-e5288\",\"storageBucket\":\"matlam-e5288.firebasestorage.app\"}","GCLOUD_PROJECT":"matlam-e5288","EVENTARC_CLOUD_EVENT_SOURCE":"projects/matlam-e5288/locations/me-west1/services/api","FUNCTION_REGION":"me-west1","FUNCTION_TARGET":"api","LOG_EXECUTION_ID":"true"},"maxInstanceCount":5,"ingressSettings":"ALLOW_ALL","uri":"https://api-cwgid56i3a-zf.a.run.app","serviceAccountEmail":"752992069219-compute@developer.gserviceaccount.com","availableMemory":"512Mi","allTrafficOnLatestRevision":true,"revision":"api-00031-saf","maxInstanceRequestConcurrency":80,"availableCpu":"1"},"state":"ACTIVE","labels":{"deployment-tool":"cli-firebase","deployment-callable":"true","firebase-functions-hash":"ccd326c73bd47c1a0a90a04b20c377c4224928c4"},"environment":"GEN_2","url":"https://me-west1-matlam-e5288.cloudfunctions.net/api","satisfiesPzs":true,"satisfiesPzi":true},"stages":[{"name":"BUILD","message":"Build in progress","state":"IN_PROGRESS","resource":"projects/752992069219/locations/me-west1/builds/e1e6eb20-d255-4159-8a35-d8697ad769d8","resourceUri":"https://console.cloud.google.com/cloud-build/builds;region=me-west1/e1e6eb20-d255-4159-8a35-d8697ad769d8?project=752992069219"},{"name":"SERVICE","state":"NOT_STARTED"}],"operationType":"UPDATE_FUNCTION","buildName":"projects/752992069219/locations/me-west1/builds/e1e6eb20-d255-4159-8a35-d8697ad769d8"},"done":false}
[2026-10-04T08:15:59.504Z] <<< [apiv2][status] GET https://cloudfunctions.googleapis.com/v2/projects/matlam-e5288/locations/me-west1/operations/operation-1791101755264-65cff5fe10cd4-83a5c5d1-82078ef6 200
[2026-10-04T08:15:59.504Z] <<< [apiv2][body] GET https://cloudfunctions.googleapis.com/v2/projects/matlam-e5288/locations/me-west1/operations/operation-1791101755264-65cff5fe10cd4-83a5c5d1-82078ef6 {"name":"projects/matlam-e5288/locations/me-west1/operations/operation-1791101755264-65cff5fe10cd4-83a5c5d1-82078ef6","metadata":{"@type":"type.googleapis.com/google.cloud.functions.v2.OperationMetadata","createTime":"2026-10-04T08:15:56.517943010Z","target":"projects/matlam-e5288/locations/me-west1/functions/exportBackup","verb":"update","cancelRequested":false,"apiVersion":"v2","requestResource":{"@type":"type.googleapis.com/google.cloud.functions.v2.Function","name":"projects/matlam-e5288/locations/me-west1/functions/exportBackup","buildConfig":{"runtime":"nodejs22","entryPoint":"exportBackup","source":{"storageSource":{"bucket":"gcf-v2-sources-752992069219-me-west1","object":"exportBackup/function-source.zip","generation":"1791101756473293"}},"environmentVariables":{"GOOGLE_NODE_RUN_SCRIPTS":""},"dockerRepository":"projects/matlam-e5288/locations/me-west1/repositories/gcf-artifacts","sourceProvenance":{"resolvedStorageSource":{"bucket":"gcf-v2-sources-752992069219-me-west1","object":"exportBackup/function-source.zip","generation":"1790197798987228"}},"dockerRegistry":"ARTIFACT_REGISTRY","serviceAccount":"projects/matlam-e5288/serviceAccounts/752992069219-compute@developer.gserviceaccount.com","automaticUpdatePolicy":{}},"serviceConfig":{"service":"projects/matlam-e5288/locations/me-west1/services/exportbackup","timeoutSeconds":120,"environmentVariables":{"MAIL_USER":"itai.rosenblum@gmail.com","MAIL_PASS":"fxkwnsduixhjlohj","ADMIN_EMAIL":"itai.rosenblum@gmail.com","FIREBASE_CONFIG":"{\"projectId\":\"matlam-e5288\",\"storageBucket\":\"matlam-e5288.firebasestorage.app\"}","GCLOUD_PROJECT":"matlam-e5288","EVENTARC_CLOUD_EVENT_SOURCE":"projects/matlam-e5288/locations/me-west1/services/exportBackup","FUNCTION_REGION":"me-west1","FUNCTION_TARGET":"exportBackup","LOG_EXECUTION_ID":"true"},"maxInstanceCount":5,"ingressSettings":"ALLOW_ALL","uri":"https://exportbackup-cwgid56i3a-zf.a.run.app","serviceAccountEmail":"752992069219-compute@developer.gserviceaccount.com","availableMemory":"1024Mi","allTrafficOnLatestRevision":true,"revision":"exportbackup-00012-gij","maxInstanceRequestConcurrency":80,"availableCpu":"1"},"state":"ACTIVE","labels":{"deployment-tool":"cli-firebase","deployment-callable":"true","firebase-functions-hash":"ccd326c73bd47c1a0a90a04b20c377c4224928c4"},"environment":"GEN_2","url":"https://me-west1-matlam-e5288.cloudfunctions.net/exportBackup","satisfiesPzs":true,"satisfiesPzi":true},"stages":[{"name":"BUILD","message":"Build in progress","state":"IN_PROGRESS","resource":"projects/752992069219/locations/me-west1/builds/f31317c2-2b0d-4b09-b4f7-9caf8b0d2bff","resourceUri":"https://console.cloud.google.com/cloud-build/builds;region=me-west1/f31317c2-2b0d-4b09-b4f7-9caf8b0d2bff?project=752992069219"},{"name":"SERVICE","state":"NOT_STARTED"}],"operationType":"UPDATE_FUNCTION","buildName":"projects/752992069219/locations/me-west1/builds/f31317c2-2b0d-4b09-b4f7-9caf8b0d2bff"},"done":false}
[2026-10-04T08:16:00.459Z] [update-default-me-west1-api] Retrying task index 0
[2026-10-04T08:16:00.460Z] No OAuth tokens found
[2026-10-04T08:16:00.460Z] >>> [apiv2][query] GET https://cloudfunctions.googleapis.com/v2/projects/matlam-e5288/locations/me-west1/operations/operation-1791101755228-65cff5fe082af-0bedb51e-a3392b2e [none]
[2026-10-04T08:16:00.504Z] [update-default-me-west1-exportBackup] Retrying task index 0
[2026-10-04T08:16:00.504Z] No OAuth tokens found
[2026-10-04T08:16:00.505Z] >>> [apiv2][query] GET https://cloudfunctions.googleapis.com/v2/projects/matlam-e5288/locations/me-west1/operations/operation-1791101755264-65cff5fe10cd4-83a5c5d1-82078ef6 [none]
[2026-10-04T08:16:00.933Z] <<< [apiv2][status] GET https://cloudfunctions.googleapis.com/v2/projects/matlam-e5288/locations/me-west1/operations/operation-1791101755264-65cff5fe10cd4-83a5c5d1-82078ef6 200
[2026-10-04T08:16:00.933Z] <<< [apiv2][body] GET https://cloudfunctions.googleapis.com/v2/projects/matlam-e5288/locations/me-west1/operations/operation-1791101755264-65cff5fe10cd4-83a5c5d1-82078ef6 {"name":"projects/matlam-e5288/locations/me-west1/operations/operation-1791101755264-65cff5fe10cd4-83a5c5d1-82078ef6","metadata":{"@type":"type.googleapis.com/google.cloud.functions.v2.OperationMetadata","createTime":"2026-10-04T08:15:56.517943010Z","target":"projects/matlam-e5288/locations/me-west1/functions/exportBackup","verb":"update","cancelRequested":false,"apiVersion":"v2","requestResource":{"@type":"type.googleapis.com/google.cloud.functions.v2.Function","name":"projects/matlam-e5288/locations/me-west1/functions/exportBackup","buildConfig":{"runtime":"nodejs22","entryPoint":"exportBackup","source":{"storageSource":{"bucket":"gcf-v2-sources-752992069219-me-west1","object":"exportBackup/function-source.zip","generation":"1791101756473293"}},"environmentVariables":{"GOOGLE_NODE_RUN_SCRIPTS":""},"dockerRepository":"projects/matlam-e5288/locations/me-west1/repositories/gcf-artifacts","sourceProvenance":{"resolvedStorageSource":{"bucket":"gcf-v2-sources-752992069219-me-west1","object":"exportBackup/function-source.zip","generation":"1790197798987228"}},"dockerRegistry":"ARTIFACT_REGISTRY","serviceAccount":"projects/matlam-e5288/serviceAccounts/752992069219-compute@developer.gserviceaccount.com","automaticUpdatePolicy":{}},"serviceConfig":{"service":"projects/matlam-e5288/locations/me-west1/services/exportbackup","timeoutSeconds":120,"environmentVariables":{"MAIL_USER":"itai.rosenblum@gmail.com","MAIL_PASS":"fxkwnsduixhjlohj","ADMIN_EMAIL":"itai.rosenblum@gmail.com","FIREBASE_CONFIG":"{\"projectId\":\"matlam-e5288\",\"storageBucket\":\"matlam-e5288.firebasestorage.app\"}","GCLOUD_PROJECT":"matlam-e5288","EVENTARC_CLOUD_EVENT_SOURCE":"projects/matlam-e5288/locations/me-west1/services/exportBackup","FUNCTION_REGION":"me-west1","FUNCTION_TARGET":"exportBackup","LOG_EXECUTION_ID":"true"},"maxInstanceCount":5,"ingressSettings":"ALLOW_ALL","uri":"https://exportbackup-cwgid56i3a-zf.a.run.app","serviceAccountEmail":"752992069219-compute@developer.gserviceaccount.com","availableMemory":"1024Mi","allTrafficOnLatestRevision":true,"revision":"exportbackup-00012-gij","maxInstanceRequestConcurrency":80,"availableCpu":"1"},"state":"ACTIVE","labels":{"deployment-tool":"cli-firebase","deployment-callable":"true","firebase-functions-hash":"ccd326c73bd47c1a0a90a04b20c377c4224928c4"},"environment":"GEN_2","url":"https://me-west1-matlam-e5288.cloudfunctions.net/exportBackup","satisfiesPzs":true,"satisfiesPzi":true},"stages":[{"name":"BUILD","message":"Build in progress","state":"IN_PROGRESS","resource":"projects/752992069219/locations/me-west1/builds/f31317c2-2b0d-4b09-b4f7-9caf8b0d2bff","resourceUri":"https://console.cloud.google.com/cloud-build/builds;region=me-west1/f31317c2-2b0d-4b09-b4f7-9caf8b0d2bff?project=752992069219"},{"name":"SERVICE","state":"NOT_STARTED"}],"operationType":"UPDATE_FUNCTION","buildName":"projects/752992069219/locations/me-west1/builds/f31317c2-2b0d-4b09-b4f7-9caf8b0d2bff"},"done":false}
[2026-10-04T08:16:01.615Z] <<< [apiv2][status] GET https://cloudfunctions.googleapis.com/v2/projects/matlam-e5288/locations/me-west1/operations/operation-1791101755228-65cff5fe082af-0bedb51e-a3392b2e 200
[2026-10-04T08:16:01.615Z] <<< [apiv2][body] GET https://cloudfunctions.googleapis.com/v2/projects/matlam-e5288/locations/me-west1/operations/operation-1791101755228-65cff5fe082af-0bedb51e-a3392b2e {"name":"projects/matlam-e5288/locations/me-west1/operations/operation-1791101755228-65cff5fe082af-0bedb51e-a3392b2e","metadata":{"@type":"type.googleapis.com/google.cloud.functions.v2.OperationMetadata","createTime":"2026-10-04T08:15:56.495787925Z","target":"projects/matlam-e5288/locations/me-west1/functions/api","verb":"update","cancelRequested":false,"apiVersion":"v2","requestResource":{"@type":"type.googleapis.com/google.cloud.functions.v2.Function","name":"projects/matlam-e5288/locations/me-west1/functions/api","buildConfig":{"runtime":"nodejs22","entryPoint":"api","source":{"storageSource":{"bucket":"gcf-v2-sources-752992069219-me-west1","object":"api/function-source.zip","generation":"1791101756450314"}},"environmentVariables":{"GOOGLE_NODE_RUN_SCRIPTS":""},"dockerRepository":"projects/matlam-e5288/locations/me-west1/repositories/gcf-artifacts","sourceProvenance":{"resolvedStorageSource":{"bucket":"gcf-v2-sources-752992069219-me-west1","object":"api/function-source.zip","generation":"1790197798922523"}},"dockerRegistry":"ARTIFACT_REGISTRY","serviceAccount":"projects/matlam-e5288/serviceAccounts/752992069219-compute@developer.gserviceaccount.com","automaticUpdatePolicy":{}},"serviceConfig":{"service":"projects/matlam-e5288/locations/me-west1/services/api","timeoutSeconds":120,"environmentVariables":{"MAIL_USER":"itai.rosenblum@gmail.com","MAIL_PASS":"fxkwnsduixhjlohj","ADMIN_EMAIL":"itai.rosenblum@gmail.com","FIREBASE_CONFIG":"{\"projectId\":\"matlam-e5288\",\"storageBucket\":\"matlam-e5288.firebasestorage.app\"}","GCLOUD_PROJECT":"matlam-e5288","EVENTARC_CLOUD_EVENT_SOURCE":"projects/matlam-e5288/locations/me-west1/services/api","FUNCTION_REGION":"me-west1","FUNCTION_TARGET":"api","LOG_EXECUTION_ID":"true"},"maxInstanceCount":5,"ingressSettings":"ALLOW_ALL","uri":"https://api-cwgid56i3a-zf.a.run.app","serviceAccountEmail":"752992069219-compute@developer.gserviceaccount.com","availableMemory":"512Mi","allTrafficOnLatestRevision":true,"revision":"api-00031-saf","maxInstanceRequestConcurrency":80,"availableCpu":"1"},"state":"ACTIVE","labels":{"deployment-tool":"cli-firebase","deployment-callable":"true","firebase-functions-hash":"ccd326c73bd47c1a0a90a04b20c377c4224928c4"},"environment":"GEN_2","url":"https://me-west1-matlam-e5288.cloudfunctions.net/api","satisfiesPzs":true,"satisfiesPzi":true},"stages":[{"name":"BUILD","message":"Build in progress","state":"IN_PROGRESS","resource":"projects/752992069219/locations/me-west1/builds/e1e6eb20-d255-4159-8a35-d8697ad769d8","resourceUri":"https://console.cloud.google.com/cloud-build/builds;region=me-west1/e1e6eb20-d255-4159-8a35-d8697ad769d8?project=752992069219"},{"name":"SERVICE","state":"NOT_STARTED"}],"operationType":"UPDATE_FUNCTION","buildName":"projects/752992069219/locations/me-west1/builds/e1e6eb20-d255-4159-8a35-d8697ad769d8"},"done":false}
[2026-10-04T08:16:02.934Z] [update-default-me-west1-exportBackup] Retrying task index 0
[2026-10-04T08:16:02.935Z] No OAuth tokens found
[2026-10-04T08:16:02.935Z] >>> [apiv2][query] GET https://cloudfunctions.googleapis.com/v2/projects/matlam-e5288/locations/me-west1/operations/operation-1791101755264-65cff5fe10cd4-83a5c5d1-82078ef6 [none]
[2026-10-04T08:16:03.354Z] <<< [apiv2][status] GET https://cloudfunctions.googleapis.com/v2/projects/matlam-e5288/locations/me-west1/operations/operation-1791101755264-65cff5fe10cd4-83a5c5d1-82078ef6 200
[2026-10-04T08:16:03.354Z] <<< [apiv2][body] GET https://cloudfunctions.googleapis.com/v2/projects/matlam-e5288/locations/me-west1/operations/operation-1791101755264-65cff5fe10cd4-83a5c5d1-82078ef6 {"name":"projects/matlam-e5288/locations/me-west1/operations/operation-1791101755264-65cff5fe10cd4-83a5c5d1-82078ef6","metadata":{"@type":"type.googleapis.com/google.cloud.functions.v2.OperationMetadata","createTime":"2026-10-04T08:15:56.517943010Z","target":"projects/matlam-e5288/locations/me-west1/functions/exportBackup","verb":"update","cancelRequested":false,"apiVersion":"v2","requestResource":{"@type":"type.googleapis.com/google.cloud.functions.v2.Function","name":"projects/matlam-e5288/locations/me-west1/functions/exportBackup","buildConfig":{"runtime":"nodejs22","entryPoint":"exportBackup","source":{"storageSource":{"bucket":"gcf-v2-sources-752992069219-me-west1","object":"exportBackup/function-source.zip","generation":"1791101756473293"}},"environmentVariables":{"GOOGLE_NODE_RUN_SCRIPTS":""},"dockerRepository":"projects/matlam-e5288/locations/me-west1/repositories/gcf-artifacts","sourceProvenance":{"resolvedStorageSource":{"bucket":"gcf-v2-sources-752992069219-me-west1","object":"exportBackup/function-source.zip","generation":"1790197798987228"}},"dockerRegistry":"ARTIFACT_REGISTRY","serviceAccount":"projects/matlam-e5288/serviceAccounts/752992069219-compute@developer.gserviceaccount.com","automaticUpdatePolicy":{}},"serviceConfig":{"service":"projects/matlam-e5288/locations/me-west1/services/exportbackup","timeoutSeconds":120,"environmentVariables":{"MAIL_USER":"itai.rosenblum@gmail.com","MAIL_PASS":"fxkwnsduixhjlohj","ADMIN_EMAIL":"itai.rosenblum@gmail.com","FIREBASE_CONFIG":"{\"projectId\":\"matlam-e5288\",\"storageBucket\":\"matlam-e5288.firebasestorage.app\"}","GCLOUD_PROJECT":"matlam-e5288","EVENTARC_CLOUD_EVENT_SOURCE":"projects/matlam-e5288/locations/me-west1/services/exportBackup","FUNCTION_REGION":"me-west1","FUNCTION_TARGET":"exportBackup","LOG_EXECUTION_ID":"true"},"maxInstanceCount":5,"ingressSettings":"ALLOW_ALL","uri":"https://exportbackup-cwgid56i3a-zf.a.run.app","serviceAccountEmail":"752992069219-compute@developer.gserviceaccount.com","availableMemory":"1024Mi","allTrafficOnLatestRevision":true,"revision":"exportbackup-00012-gij","maxInstanceRequestConcurrency":80,"availableCpu":"1"},"state":"ACTIVE","labels":{"deployment-tool":"cli-firebase","deployment-callable":"true","firebase-functions-hash":"ccd326c73bd47c1a0a90a04b20c377c4224928c4"},"environment":"GEN_2","url":"https://me-west1-matlam-e5288.cloudfunctions.net/exportBackup","satisfiesPzs":true,"satisfiesPzi":true},"stages":[{"name":"BUILD","message":"Build in progress","state":"IN_PROGRESS","resource":"projects/752992069219/locations/me-west1/builds/f31317c2-2b0d-4b09-b4f7-9caf8b0d2bff","resourceUri":"https://console.cloud.google.com/cloud-build/builds;region=me-west1/f31317c2-2b0d-4b09-b4f7-9caf8b0d2bff?project=752992069219"},{"name":"SERVICE","state":"NOT_STARTED"}],"operationType":"UPDATE_FUNCTION","buildName":"projects/752992069219/locations/me-west1/builds/f31317c2-2b0d-4b09-b4f7-9caf8b0d2bff"},"done":false}
[2026-10-04T08:16:03.615Z] [update-default-me-west1-api] Retrying task index 0
[2026-10-04T08:16:03.616Z] No OAuth tokens found
[2026-10-04T08:16:03.616Z] >>> [apiv2][query] GET https://cloudfunctions.googleapis.com/v2/projects/matlam-e5288/locations/me-west1/operations/operation-1791101755228-65cff5fe082af-0bedb51e-a3392b2e [none]
[2026-10-04T08:16:04.769Z] <<< [apiv2][status] GET https://cloudfunctions.googleapis.com/v2/projects/matlam-e5288/locations/me-west1/operations/operation-1791101755228-65cff5fe082af-0bedb51e-a3392b2e 200
[2026-10-04T08:16:04.769Z] <<< [apiv2][body] GET https://cloudfunctions.googleapis.com/v2/projects/matlam-e5288/locations/me-west1/operations/operation-1791101755228-65cff5fe082af-0bedb51e-a3392b2e {"name":"projects/matlam-e5288/locations/me-west1/operations/operation-1791101755228-65cff5fe082af-0bedb51e-a3392b2e","metadata":{"@type":"type.googleapis.com/google.cloud.functions.v2.OperationMetadata","createTime":"2026-10-04T08:15:56.495787925Z","target":"projects/matlam-e5288/locations/me-west1/functions/api","verb":"update","cancelRequested":false,"apiVersion":"v2","requestResource":{"@type":"type.googleapis.com/google.cloud.functions.v2.Function","name":"projects/matlam-e5288/locations/me-west1/functions/api","buildConfig":{"runtime":"nodejs22","entryPoint":"api","source":{"storageSource":{"bucket":"gcf-v2-sources-752992069219-me-west1","object":"api/function-source.zip","generation":"1791101756450314"}},"environmentVariables":{"GOOGLE_NODE_RUN_SCRIPTS":""},"dockerRepository":"projects/matlam-e5288/locations/me-west1/repositories/gcf-artifacts","sourceProvenance":{"resolvedStorageSource":{"bucket":"gcf-v2-sources-752992069219-me-west1","object":"api/function-source.zip","generation":"1790197798922523"}},"dockerRegistry":"ARTIFACT_REGISTRY","serviceAccount":"projects/matlam-e5288/serviceAccounts/752992069219-compute@developer.gserviceaccount.com","automaticUpdatePolicy":{}},"serviceConfig":{"service":"projects/matlam-e5288/locations/me-west1/services/api","timeoutSeconds":120,"environmentVariables":{"MAIL_USER":"itai.rosenblum@gmail.com","MAIL_PASS":"fxkwnsduixhjlohj","ADMIN_EMAIL":"itai.rosenblum@gmail.com","FIREBASE_CONFIG":"{\"projectId\":\"matlam-e5288\",\"storageBucket\":\"matlam-e5288.firebasestorage.app\"}","GCLOUD_PROJECT":"matlam-e5288","EVENTARC_CLOUD_EVENT_SOURCE":"projects/matlam-e5288/locations/me-west1/services/api","FUNCTION_REGION":"me-west1","FUNCTION_TARGET":"api","LOG_EXECUTION_ID":"true"},"maxInstanceCount":5,"ingressSettings":"ALLOW_ALL","uri":"https://api-cwgid56i3a-zf.a.run.app","serviceAccountEmail":"752992069219-compute@developer.gserviceaccount.com","availableMemory":"512Mi","allTrafficOnLatestRevision":true,"revision":"api-00031-saf","maxInstanceRequestConcurrency":80,"availableCpu":"1"},"state":"ACTIVE","labels":{"deployment-tool":"cli-firebase","deployment-callable":"true","firebase-functions-hash":"ccd326c73bd47c1a0a90a04b20c377c4224928c4"},"environment":"GEN_2","url":"https://me-west1-matlam-e5288.cloudfunctions.net/api","satisfiesPzs":true,"satisfiesPzi":true},"stages":[{"name":"BUILD","message":"Build in progress","state":"IN_PROGRESS","resource":"projects/752992069219/locations/me-west1/builds/e1e6eb20-d255-4159-8a35-d8697ad769d8","resourceUri":"https://console.cloud.google.com/cloud-build/builds;region=me-west1/e1e6eb20-d255-4159-8a35-d8697ad769d8?project=752992069219"},{"name":"SERVICE","state":"NOT_STARTED"}],"operationType":"UPDATE_FUNCTION","buildName":"projects/752992069219/locations/me-west1/builds/e1e6eb20-d255-4159-8a35-d8697ad769d8"},"done":false}
[2026-10-04T08:16:07.356Z] [update-default-me-west1-exportBackup] Retrying task index 0
[2026-10-04T08:16:07.357Z] No OAuth tokens found
[2026-10-04T08:16:07.357Z] >>> [apiv2][query] GET https://cloudfunctions.googleapis.com/v2/projects/matlam-e5288/locations/me-west1/operations/operation-1791101755264-65cff5fe10cd4-83a5c5d1-82078ef6 [none]
[2026-10-04T08:16:08.530Z] <<< [apiv2][status] GET https://cloudfunctions.googleapis.com/v2/projects/matlam-e5288/locations/me-west1/operations/operation-1791101755264-65cff5fe10cd4-83a5c5d1-82078ef6 200
[2026-10-04T08:16:08.530Z] <<< [apiv2][body] GET https://cloudfunctions.googleapis.com/v2/projects/matlam-e5288/locations/me-west1/operations/operation-1791101755264-65cff5fe10cd4-83a5c5d1-82078ef6 {"name":"projects/matlam-e5288/locations/me-west1/operations/operation-1791101755264-65cff5fe10cd4-83a5c5d1-82078ef6","metadata":{"@type":"type.googleapis.com/google.cloud.functions.v2.OperationMetadata","createTime":"2026-10-04T08:15:56.517943010Z","target":"projects/matlam-e5288/locations/me-west1/functions/exportBackup","verb":"update","cancelRequested":false,"apiVersion":"v2","requestResource":{"@type":"type.googleapis.com/google.cloud.functions.v2.Function","name":"projects/matlam-e5288/locations/me-west1/functions/exportBackup","buildConfig":{"runtime":"nodejs22","entryPoint":"exportBackup","source":{"storageSource":{"bucket":"gcf-v2-sources-752992069219-me-west1","object":"exportBackup/function-source.zip","generation":"1791101756473293"}},"environmentVariables":{"GOOGLE_NODE_RUN_SCRIPTS":""},"dockerRepository":"projects/matlam-e5288/locations/me-west1/repositories/gcf-artifacts","sourceProvenance":{"resolvedStorageSource":{"bucket":"gcf-v2-sources-752992069219-me-west1","object":"exportBackup/function-source.zip","generation":"1790197798987228"}},"dockerRegistry":"ARTIFACT_REGISTRY","serviceAccount":"projects/matlam-e5288/serviceAccounts/752992069219-compute@developer.gserviceaccount.com","automaticUpdatePolicy":{}},"serviceConfig":{"service":"projects/matlam-e5288/locations/me-west1/services/exportbackup","timeoutSeconds":120,"environmentVariables":{"MAIL_USER":"itai.rosenblum@gmail.com","MAIL_PASS":"fxkwnsduixhjlohj","ADMIN_EMAIL":"itai.rosenblum@gmail.com","FIREBASE_CONFIG":"{\"projectId\":\"matlam-e5288\",\"storageBucket\":\"matlam-e5288.firebasestorage.app\"}","GCLOUD_PROJECT":"matlam-e5288","EVENTARC_CLOUD_EVENT_SOURCE":"projects/matlam-e5288/locations/me-west1/services/exportBackup","FUNCTION_REGION":"me-west1","FUNCTION_TARGET":"exportBackup","LOG_EXECUTION_ID":"true"},"maxInstanceCount":5,"ingressSettings":"ALLOW_ALL","uri":"https://exportbackup-cwgid56i3a-zf.a.run.app","serviceAccountEmail":"752992069219-compute@developer.gserviceaccount.com","availableMemory":"1024Mi","allTrafficOnLatestRevision":true,"revision":"exportbackup-00012-gij","maxInstanceRequestConcurrency":80,"availableCpu":"1"},"state":"ACTIVE","labels":{"deployment-tool":"cli-firebase","deployment-callable":"true","firebase-functions-hash":"ccd326c73bd47c1a0a90a04b20c377c4224928c4"},"environment":"GEN_2","url":"https://me-west1-matlam-e5288.cloudfunctions.net/exportBackup","satisfiesPzs":true,"satisfiesPzi":true},"stages":[{"name":"BUILD","message":"Build in progress","state":"IN_PROGRESS","resource":"projects/752992069219/locations/me-west1/builds/f31317c2-2b0d-4b09-b4f7-9caf8b0d2bff","resourceUri":"https://console.cloud.google.com/cloud-build/builds;region=me-west1/f31317c2-2b0d-4b09-b4f7-9caf8b0d2bff?project=752992069219"},{"name":"SERVICE","state":"NOT_STARTED"}],"operationType":"UPDATE_FUNCTION","buildName":"projects/752992069219/locations/me-west1/builds/f31317c2-2b0d-4b09-b4f7-9caf8b0d2bff"},"done":false}
[2026-10-04T08:16:08.769Z] [update-default-me-west1-api] Retrying task index 0
[2026-10-04T08:16:08.769Z] No OAuth tokens found
[2026-10-04T08:16:08.769Z] >>> [apiv2][query] GET https://cloudfunctions.googleapis.com/v2/projects/matlam-e5288/locations/me-west1/operations/operation-1791101755228-65cff5fe082af-0bedb51e-a3392b2e [none]
[2026-10-04T08:16:09.931Z] <<< [apiv2][status] GET https://cloudfunctions.googleapis.com/v2/projects/matlam-e5288/locations/me-west1/operations/operation-1791101755228-65cff5fe082af-0bedb51e-a3392b2e 200
[2026-10-04T08:16:09.931Z] <<< [apiv2][body] GET https://cloudfunctions.googleapis.com/v2/projects/matlam-e5288/locations/me-west1/operations/operation-1791101755228-65cff5fe082af-0bedb51e-a3392b2e {"name":"projects/matlam-e5288/locations/me-west1/operations/operation-1791101755228-65cff5fe082af-0bedb51e-a3392b2e","metadata":{"@type":"type.googleapis.com/google.cloud.functions.v2.OperationMetadata","createTime":"2026-10-04T08:15:56.495787925Z","target":"projects/matlam-e5288/locations/me-west1/functions/api","verb":"update","cancelRequested":false,"apiVersion":"v2","requestResource":{"@type":"type.googleapis.com/google.cloud.functions.v2.Function","name":"projects/matlam-e5288/locations/me-west1/functions/api","buildConfig":{"runtime":"nodejs22","entryPoint":"api","source":{"storageSource":{"bucket":"gcf-v2-sources-752992069219-me-west1","object":"api/function-source.zip","generation":"1791101756450314"}},"environmentVariables":{"GOOGLE_NODE_RUN_SCRIPTS":""},"dockerRepository":"projects/matlam-e5288/locations/me-west1/repositories/gcf-artifacts","sourceProvenance":{"resolvedStorageSource":{"bucket":"gcf-v2-sources-752992069219-me-west1","object":"api/function-source.zip","generation":"1790197798922523"}},"dockerRegistry":"ARTIFACT_REGISTRY","serviceAccount":"projects/matlam-e5288/serviceAccounts/752992069219-compute@developer.gserviceaccount.com","automaticUpdatePolicy":{}},"serviceConfig":{"service":"projects/matlam-e5288/locations/me-west1/services/api","timeoutSeconds":120,"environmentVariables":{"MAIL_USER":"itai.rosenblum@gmail.com","MAIL_PASS":"fxkwnsduixhjlohj","ADMIN_EMAIL":"itai.rosenblum@gmail.com","FIREBASE_CONFIG":"{\"projectId\":\"matlam-e5288\",\"storageBucket\":\"matlam-e5288.firebasestorage.app\"}","GCLOUD_PROJECT":"matlam-e5288","EVENTARC_CLOUD_EVENT_SOURCE":"projects/matlam-e5288/locations/me-west1/services/api","FUNCTION_REGION":"me-west1","FUNCTION_TARGET":"api","LOG_EXECUTION_ID":"true"},"maxInstanceCount":5,"ingressSettings":"ALLOW_ALL","uri":"https://api-cwgid56i3a-zf.a.run.app","serviceAccountEmail":"752992069219-compute@developer.gserviceaccount.com","availableMemory":"512Mi","allTrafficOnLatestRevision":true,"revision":"api-00031-saf","maxInstanceRequestConcurrency":80,"availableCpu":"1"},"state":"ACTIVE","labels":{"deployment-tool":"cli-firebase","deployment-callable":"true","firebase-functions-hash":"ccd326c73bd47c1a0a90a04b20c377c4224928c4"},"environment":"GEN_2","url":"https://me-west1-matlam-e5288.cloudfunctions.net/api","satisfiesPzs":true,"satisfiesPzi":true},"stages":[{"name":"BUILD","message":"Build in progress","state":"IN_PROGRESS","resource":"projects/752992069219/locations/me-west1/builds/e1e6eb20-d255-4159-8a35-d8697ad769d8","resourceUri":"https://console.cloud.google.com/cloud-build/builds;region=me-west1/e1e6eb20-d255-4159-8a35-d8697ad769d8?project=752992069219"},{"name":"SERVICE","state":"NOT_STARTED"}],"operationType":"UPDATE_FUNCTION","buildName":"projects/752992069219/locations/me-west1/builds/e1e6eb20-d255-4159-8a35-d8697ad769d8"},"done":false}
[2026-10-04T08:16:16.533Z] [update-default-me-west1-exportBackup] Retrying task index 0
[2026-10-04T08:16:16.534Z] No OAuth tokens found
[2026-10-04T08:16:16.534Z] >>> [apiv2][query] GET https://cloudfunctions.googleapis.com/v2/projects/matlam-e5288/locations/me-west1/operations/operation-1791101755264-65cff5fe10cd4-83a5c5d1-82078ef6 [none]
[2026-10-04T08:16:17.724Z] <<< [apiv2][status] GET https://cloudfunctions.googleapis.com/v2/projects/matlam-e5288/locations/me-west1/operations/operation-1791101755264-65cff5fe10cd4-83a5c5d1-82078ef6 200
[2026-10-04T08:16:17.725Z] <<< [apiv2][body] GET https://cloudfunctions.googleapis.com/v2/projects/matlam-e5288/locations/me-west1/operations/operation-1791101755264-65cff5fe10cd4-83a5c5d1-82078ef6 {"name":"projects/matlam-e5288/locations/me-west1/operations/operation-1791101755264-65cff5fe10cd4-83a5c5d1-82078ef6","metadata":{"@type":"type.googleapis.com/google.cloud.functions.v2.OperationMetadata","createTime":"2026-10-04T08:15:56.517943010Z","target":"projects/matlam-e5288/locations/me-west1/functions/exportBackup","verb":"update","cancelRequested":false,"apiVersion":"v2","requestResource":{"@type":"type.googleapis.com/google.cloud.functions.v2.Function","name":"projects/matlam-e5288/locations/me-west1/functions/exportBackup","buildConfig":{"runtime":"nodejs22","entryPoint":"exportBackup","source":{"storageSource":{"bucket":"gcf-v2-sources-752992069219-me-west1","object":"exportBackup/function-source.zip","generation":"1791101756473293"}},"environmentVariables":{"GOOGLE_NODE_RUN_SCRIPTS":""},"dockerRepository":"projects/matlam-e5288/locations/me-west1/repositories/gcf-artifacts","sourceProvenance":{"resolvedStorageSource":{"bucket":"gcf-v2-sources-752992069219-me-west1","object":"exportBackup/function-source.zip","generation":"1790197798987228"}},"dockerRegistry":"ARTIFACT_REGISTRY","serviceAccount":"projects/matlam-e5288/serviceAccounts/752992069219-compute@developer.gserviceaccount.com","automaticUpdatePolicy":{}},"serviceConfig":{"service":"projects/matlam-e5288/locations/me-west1/services/exportbackup","timeoutSeconds":120,"environmentVariables":{"MAIL_USER":"itai.rosenblum@gmail.com","MAIL_PASS":"fxkwnsduixhjlohj","ADMIN_EMAIL":"itai.rosenblum@gmail.com","FIREBASE_CONFIG":"{\"projectId\":\"matlam-e5288\",\"storageBucket\":\"matlam-e5288.firebasestorage.app\"}","GCLOUD_PROJECT":"matlam-e5288","EVENTARC_CLOUD_EVENT_SOURCE":"projects/matlam-e5288/locations/me-west1/services/exportBackup","FUNCTION_REGION":"me-west1","FUNCTION_TARGET":"exportBackup","LOG_EXECUTION_ID":"true"},"maxInstanceCount":5,"ingressSettings":"ALLOW_ALL","uri":"https://exportbackup-cwgid56i3a-zf.a.run.app","serviceAccountEmail":"752992069219-compute@developer.gserviceaccount.com","availableMemory":"1024Mi","allTrafficOnLatestRevision":true,"revision":"exportbackup-00012-gij","maxInstanceRequestConcurrency":80,"availableCpu":"1"},"state":"ACTIVE","labels":{"deployment-tool":"cli-firebase","deployment-callable":"true","firebase-functions-hash":"ccd326c73bd47c1a0a90a04b20c377c4224928c4"},"environment":"GEN_2","url":"https://me-west1-matlam-e5288.cloudfunctions.net/exportBackup","satisfiesPzs":true,"satisfiesPzi":true},"stages":[{"name":"BUILD","message":"Build in progress","state":"IN_PROGRESS","resource":"projects/752992069219/locations/me-west1/builds/f31317c2-2b0d-4b09-b4f7-9caf8b0d2bff","resourceUri":"https://console.cloud.google.com/cloud-build/builds;region=me-west1/f31317c2-2b0d-4b09-b4f7-9caf8b0d2bff?project=752992069219"},{"name":"SERVICE","state":"NOT_STARTED"}],"operationType":"UPDATE_FUNCTION","buildName":"projects/752992069219/locations/me-west1/builds/f31317c2-2b0d-4b09-b4f7-9caf8b0d2bff"},"done":false}
[2026-10-04T08:16:17.932Z] [update-default-me-west1-api] Retrying task index 0
[2026-10-04T08:16:17.933Z] No OAuth tokens found
[2026-10-04T08:16:17.933Z] >>> [apiv2][query] GET https://cloudfunctions.googleapis.com/v2/projects/matlam-e5288/locations/me-west1/operations/operation-1791101755228-65cff5fe082af-0bedb51e-a3392b2e [none]
[2026-10-04T08:16:19.082Z] <<< [apiv2][status] GET https://cloudfunctions.googleapis.com/v2/projects/matlam-e5288/locations/me-west1/operations/operation-1791101755228-65cff5fe082af-0bedb51e-a3392b2e 200
[2026-10-04T08:16:19.082Z] <<< [apiv2][body] GET https://cloudfunctions.googleapis.com/v2/projects/matlam-e5288/locations/me-west1/operations/operation-1791101755228-65cff5fe082af-0bedb51e-a3392b2e {"name":"projects/matlam-e5288/locations/me-west1/operations/operation-1791101755228-65cff5fe082af-0bedb51e-a3392b2e","metadata":{"@type":"type.googleapis.com/google.cloud.functions.v2.OperationMetadata","createTime":"2026-10-04T08:15:56.495787925Z","target":"projects/matlam-e5288/locations/me-west1/functions/api","verb":"update","cancelRequested":false,"apiVersion":"v2","requestResource":{"@type":"type.googleapis.com/google.cloud.functions.v2.Function","name":"projects/matlam-e5288/locations/me-west1/functions/api","buildConfig":{"runtime":"nodejs22","entryPoint":"api","source":{"storageSource":{"bucket":"gcf-v2-sources-752992069219-me-west1","object":"api/function-source.zip","generation":"1791101756450314"}},"environmentVariables":{"GOOGLE_NODE_RUN_SCRIPTS":""},"dockerRepository":"projects/matlam-e5288/locations/me-west1/repositories/gcf-artifacts","sourceProvenance":{"resolvedStorageSource":{"bucket":"gcf-v2-sources-752992069219-me-west1","object":"api/function-source.zip","generation":"1790197798922523"}},"dockerRegistry":"ARTIFACT_REGISTRY","serviceAccount":"projects/matlam-e5288/serviceAccounts/752992069219-compute@developer.gserviceaccount.com","automaticUpdatePolicy":{}},"serviceConfig":{"service":"projects/matlam-e5288/locations/me-west1/services/api","timeoutSeconds":120,"environmentVariables":{"MAIL_USER":"itai.rosenblum@gmail.com","MAIL_PASS":"fxkwnsduixhjlohj","ADMIN_EMAIL":"itai.rosenblum@gmail.com","FIREBASE_CONFIG":"{\"projectId\":\"matlam-e5288\",\"storageBucket\":\"matlam-e5288.firebasestorage.app\"}","GCLOUD_PROJECT":"matlam-e5288","EVENTARC_CLOUD_EVENT_SOURCE":"projects/matlam-e5288/locations/me-west1/services/api","FUNCTION_REGION":"me-west1","FUNCTION_TARGET":"api","LOG_EXECUTION_ID":"true"},"maxInstanceCount":5,"ingressSettings":"ALLOW_ALL","uri":"https://api-cwgid56i3a-zf.a.run.app","serviceAccountEmail":"752992069219-compute@developer.gserviceaccount.com","availableMemory":"512Mi","allTrafficOnLatestRevision":true,"revision":"api-00031-saf","maxInstanceRequestConcurrency":80,"availableCpu":"1"},"state":"ACTIVE","labels":{"deployment-tool":"cli-firebase","deployment-callable":"true","firebase-functions-hash":"ccd326c73bd47c1a0a90a04b20c377c4224928c4"},"environment":"GEN_2","url":"https://me-west1-matlam-e5288.cloudfunctions.net/api","satisfiesPzs":true,"satisfiesPzi":true},"stages":[{"name":"BUILD","message":"Build in progress","state":"IN_PROGRESS","resource":"projects/752992069219/locations/me-west1/builds/e1e6eb20-d255-4159-8a35-d8697ad769d8","resourceUri":"https://console.cloud.google.com/cloud-build/builds;region=me-west1/e1e6eb20-d255-4159-8a35-d8697ad769d8?project=752992069219"},{"name":"SERVICE","state":"NOT_STARTED"}],"operationType":"UPDATE_FUNCTION","buildName":"projects/752992069219/locations/me-west1/builds/e1e6eb20-d255-4159-8a35-d8697ad769d8"},"done":false}
[2026-10-04T08:16:27.724Z] [update-default-me-west1-exportBackup] Retrying task index 0
[2026-10-04T08:16:27.725Z] No OAuth tokens found
[2026-10-04T08:16:27.725Z] >>> [apiv2][query] GET https://cloudfunctions.googleapis.com/v2/projects/matlam-e5288/locations/me-west1/operations/operation-1791101755264-65cff5fe10cd4-83a5c5d1-82078ef6 [none]
[2026-10-04T08:16:28.921Z] <<< [apiv2][status] GET https://cloudfunctions.googleapis.com/v2/projects/matlam-e5288/locations/me-west1/operations/operation-1791101755264-65cff5fe10cd4-83a5c5d1-82078ef6 200
[2026-10-04T08:16:28.921Z] <<< [apiv2][body] GET https://cloudfunctions.googleapis.com/v2/projects/matlam-e5288/locations/me-west1/operations/operation-1791101755264-65cff5fe10cd4-83a5c5d1-82078ef6 {"name":"projects/matlam-e5288/locations/me-west1/operations/operation-1791101755264-65cff5fe10cd4-83a5c5d1-82078ef6","metadata":{"@type":"type.googleapis.com/google.cloud.functions.v2.OperationMetadata","createTime":"2026-10-04T08:15:56.517943010Z","target":"projects/matlam-e5288/locations/me-west1/functions/exportBackup","verb":"update","cancelRequested":false,"apiVersion":"v2","requestResource":{"@type":"type.googleapis.com/google.cloud.functions.v2.Function","name":"projects/matlam-e5288/locations/me-west1/functions/exportBackup","buildConfig":{"runtime":"nodejs22","entryPoint":"exportBackup","source":{"storageSource":{"bucket":"gcf-v2-sources-752992069219-me-west1","object":"exportBackup/function-source.zip","generation":"1791101756473293"}},"environmentVariables":{"GOOGLE_NODE_RUN_SCRIPTS":""},"dockerRepository":"projects/matlam-e5288/locations/me-west1/repositories/gcf-artifacts","sourceProvenance":{"resolvedStorageSource":{"bucket":"gcf-v2-sources-752992069219-me-west1","object":"exportBackup/function-source.zip","generation":"1790197798987228"}},"dockerRegistry":"ARTIFACT_REGISTRY","serviceAccount":"projects/matlam-e5288/serviceAccounts/752992069219-compute@developer.gserviceaccount.com","automaticUpdatePolicy":{}},"serviceConfig":{"service":"projects/matlam-e5288/locations/me-west1/services/exportbackup","timeoutSeconds":120,"environmentVariables":{"MAIL_USER":"itai.rosenblum@gmail.com","MAIL_PASS":"fxkwnsduixhjlohj","ADMIN_EMAIL":"itai.rosenblum@gmail.com","FIREBASE_CONFIG":"{\"projectId\":\"matlam-e5288\",\"storageBucket\":\"matlam-e5288.firebasestorage.app\"}","GCLOUD_PROJECT":"matlam-e5288","EVENTARC_CLOUD_EVENT_SOURCE":"projects/matlam-e5288/locations/me-west1/services/exportBackup","FUNCTION_REGION":"me-west1","FUNCTION_TARGET":"exportBackup","LOG_EXECUTION_ID":"true"},"maxInstanceCount":5,"ingressSettings":"ALLOW_ALL","uri":"https://exportbackup-cwgid56i3a-zf.a.run.app","serviceAccountEmail":"752992069219-compute@developer.gserviceaccount.com","availableMemory":"1024Mi","allTrafficOnLatestRevision":true,"revision":"exportbackup-00012-gij","maxInstanceRequestConcurrency":80,"availableCpu":"1"},"state":"ACTIVE","labels":{"deployment-tool":"cli-firebase","deployment-callable":"true","firebase-functions-hash":"ccd326c73bd47c1a0a90a04b20c377c4224928c4"},"environment":"GEN_2","url":"https://me-west1-matlam-e5288.cloudfunctions.net/exportBackup","satisfiesPzs":true,"satisfiesPzi":true},"stages":[{"name":"BUILD","message":"Build in progress","state":"IN_PROGRESS","resource":"projects/752992069219/locations/me-west1/builds/f31317c2-2b0d-4b09-b4f7-9caf8b0d2bff","resourceUri":"https://console.cloud.google.com/cloud-build/builds;region=me-west1/f31317c2-2b0d-4b09-b4f7-9caf8b0d2bff?project=752992069219"},{"name":"SERVICE","state":"NOT_STARTED"}],"operationType":"UPDATE_FUNCTION","buildName":"projects/752992069219/locations/me-west1/builds/f31317c2-2b0d-4b09-b4f7-9caf8b0d2bff"},"done":false}
[2026-10-04T08:16:29.082Z] [update-default-me-west1-api] Retrying task index 0
[2026-10-04T08:16:29.082Z] No OAuth tokens found
[2026-10-04T08:16:29.083Z] >>> [apiv2][query] GET https://cloudfunctions.googleapis.com/v2/projects/matlam-e5288/locations/me-west1/operations/operation-1791101755228-65cff5fe082af-0bedb51e-a3392b2e [none]
[2026-10-04T08:16:30.235Z] <<< [apiv2][status] GET https://cloudfunctions.googleapis.com/v2/projects/matlam-e5288/locations/me-west1/operations/operation-1791101755228-65cff5fe082af-0bedb51e-a3392b2e 200
[2026-10-04T08:16:30.235Z] <<< [apiv2][body] GET https://cloudfunctions.googleapis.com/v2/projects/matlam-e5288/locations/me-west1/operations/operation-1791101755228-65cff5fe082af-0bedb51e-a3392b2e {"name":"projects/matlam-e5288/locations/me-west1/operations/operation-1791101755228-65cff5fe082af-0bedb51e-a3392b2e","metadata":{"@type":"type.googleapis.com/google.cloud.functions.v2.OperationMetadata","createTime":"2026-10-04T08:15:56.495787925Z","target":"projects/matlam-e5288/locations/me-west1/functions/api","verb":"update","cancelRequested":false,"apiVersion":"v2","requestResource":{"@type":"type.googleapis.com/google.cloud.functions.v2.Function","name":"projects/matlam-e5288/locations/me-west1/functions/api","buildConfig":{"runtime":"nodejs22","entryPoint":"api","source":{"storageSource":{"bucket":"gcf-v2-sources-752992069219-me-west1","object":"api/function-source.zip","generation":"1791101756450314"}},"environmentVariables":{"GOOGLE_NODE_RUN_SCRIPTS":""},"dockerRepository":"projects/matlam-e5288/locations/me-west1/repositories/gcf-artifacts","sourceProvenance":{"resolvedStorageSource":{"bucket":"gcf-v2-sources-752992069219-me-west1","object":"api/function-source.zip","generation":"1790197798922523"}},"dockerRegistry":"ARTIFACT_REGISTRY","serviceAccount":"projects/matlam-e5288/serviceAccounts/752992069219-compute@developer.gserviceaccount.com","automaticUpdatePolicy":{}},"serviceConfig":{"service":"projects/matlam-e5288/locations/me-west1/services/api","timeoutSeconds":120,"environmentVariables":{"MAIL_USER":"itai.rosenblum@gmail.com","MAIL_PASS":"fxkwnsduixhjlohj","ADMIN_EMAIL":"itai.rosenblum@gmail.com","FIREBASE_CONFIG":"{\"projectId\":\"matlam-e5288\",\"storageBucket\":\"matlam-e5288.firebasestorage.app\"}","GCLOUD_PROJECT":"matlam-e5288","EVENTARC_CLOUD_EVENT_SOURCE":"projects/matlam-e5288/locations/me-west1/services/api","FUNCTION_REGION":"me-west1","FUNCTION_TARGET":"api","LOG_EXECUTION_ID":"true"},"maxInstanceCount":5,"ingressSettings":"ALLOW_ALL","uri":"https://api-cwgid56i3a-zf.a.run.app","serviceAccountEmail":"752992069219-compute@developer.gserviceaccount.com","availableMemory":"512Mi","allTrafficOnLatestRevision":true,"revision":"api-00031-saf","maxInstanceRequestConcurrency":80,"availableCpu":"1"},"state":"ACTIVE","labels":{"deployment-tool":"cli-firebase","deployment-callable":"true","firebase-functions-hash":"ccd326c73bd47c1a0a90a04b20c377c4224928c4"},"environment":"GEN_2","url":"https://me-west1-matlam-e5288.cloudfunctions.net/api","satisfiesPzs":true,"satisfiesPzi":true},"stages":[{"name":"BUILD","message":"Build in progress","state":"IN_PROGRESS","resource":"projects/752992069219/locations/me-west1/builds/e1e6eb20-d255-4159-8a35-d8697ad769d8","resourceUri":"https://console.cloud.google.com/cloud-build/builds;region=me-west1/e1e6eb20-d255-4159-8a35-d8697ad769d8?project=752992069219"},{"name":"SERVICE","state":"NOT_STARTED"}],"operationType":"UPDATE_FUNCTION","buildName":"projects/752992069219/locations/me-west1/builds/e1e6eb20-d255-4159-8a35-d8697ad769d8"},"done":false}
[2026-10-04T08:16:38.926Z] [update-default-me-west1-exportBackup] Retrying task index 0
[2026-10-04T08:16:38.926Z] No OAuth tokens found
[2026-10-04T08:16:38.927Z] >>> [apiv2][query] GET https://cloudfunctions.googleapis.com/v2/projects/matlam-e5288/locations/me-west1/operations/operation-1791101755264-65cff5fe10cd4-83a5c5d1-82078ef6 [none]
[2026-10-04T08:16:40.124Z] <<< [apiv2][status] GET https://cloudfunctions.googleapis.com/v2/projects/matlam-e5288/locations/me-west1/operations/operation-1791101755264-65cff5fe10cd4-83a5c5d1-82078ef6 200
[2026-10-04T08:16:40.124Z] <<< [apiv2][body] GET https://cloudfunctions.googleapis.com/v2/projects/matlam-e5288/locations/me-west1/operations/operation-1791101755264-65cff5fe10cd4-83a5c5d1-82078ef6 {"name":"projects/matlam-e5288/locations/me-west1/operations/operation-1791101755264-65cff5fe10cd4-83a5c5d1-82078ef6","metadata":{"@type":"type.googleapis.com/google.cloud.functions.v2.OperationMetadata","createTime":"2026-10-04T08:15:56.517943010Z","target":"projects/matlam-e5288/locations/me-west1/functions/exportBackup","verb":"update","cancelRequested":false,"apiVersion":"v2","requestResource":{"@type":"type.googleapis.com/google.cloud.functions.v2.Function","name":"projects/matlam-e5288/locations/me-west1/functions/exportBackup","buildConfig":{"runtime":"nodejs22","entryPoint":"exportBackup","source":{"storageSource":{"bucket":"gcf-v2-sources-752992069219-me-west1","object":"exportBackup/function-source.zip","generation":"1791101756473293"}},"environmentVariables":{"GOOGLE_NODE_RUN_SCRIPTS":""},"dockerRepository":"projects/matlam-e5288/locations/me-west1/repositories/gcf-artifacts","sourceProvenance":{"resolvedStorageSource":{"bucket":"gcf-v2-sources-752992069219-me-west1","object":"exportBackup/function-source.zip","generation":"1790197798987228"}},"dockerRegistry":"ARTIFACT_REGISTRY","serviceAccount":"projects/matlam-e5288/serviceAccounts/752992069219-compute@developer.gserviceaccount.com","automaticUpdatePolicy":{}},"serviceConfig":{"service":"projects/matlam-e5288/locations/me-west1/services/exportbackup","timeoutSeconds":120,"environmentVariables":{"MAIL_USER":"itai.rosenblum@gmail.com","MAIL_PASS":"fxkwnsduixhjlohj","ADMIN_EMAIL":"itai.rosenblum@gmail.com","FIREBASE_CONFIG":"{\"projectId\":\"matlam-e5288\",\"storageBucket\":\"matlam-e5288.firebasestorage.app\"}","GCLOUD_PROJECT":"matlam-e5288","EVENTARC_CLOUD_EVENT_SOURCE":"projects/matlam-e5288/locations/me-west1/services/exportBackup","FUNCTION_REGION":"me-west1","FUNCTION_TARGET":"exportBackup","LOG_EXECUTION_ID":"true"},"maxInstanceCount":5,"ingressSettings":"ALLOW_ALL","uri":"https://exportbackup-cwgid56i3a-zf.a.run.app","serviceAccountEmail":"752992069219-compute@developer.gserviceaccount.com","availableMemory":"1024Mi","allTrafficOnLatestRevision":true,"revision":"exportbackup-00012-gij","maxInstanceRequestConcurrency":80,"availableCpu":"1"},"state":"ACTIVE","labels":{"deployment-tool":"cli-firebase","deployment-callable":"true","firebase-functions-hash":"ccd326c73bd47c1a0a90a04b20c377c4224928c4"},"environment":"GEN_2","url":"https://me-west1-matlam-e5288.cloudfunctions.net/exportBackup","satisfiesPzs":true,"satisfiesPzi":true},"stages":[{"name":"BUILD","message":"Build finished","state":"COMPLETE","resource":"projects/752992069219/locations/me-west1/builds/f31317c2-2b0d-4b09-b4f7-9caf8b0d2bff","resourceUri":"https://console.cloud.google.com/cloud-build/builds;region=me-west1/f31317c2-2b0d-4b09-b4f7-9caf8b0d2bff?project=752992069219"},{"name":"SERVICE","message":"Updating Cloud Run service","state":"IN_PROGRESS","resource":"projects/matlam-e5288/locations/me-west1/services/exportbackup","resourceUri":"https://console.cloud.google.com/run/detail/me-west1/exportbackup?project=matlam-e5288","stateMessages":[{"severity":"INFO","type":"CloudRunServiceNewRevisionTrafficInfo","message":"A new revision will be deployed serving with 100% traffic."}]}],"sourceToken":"ClRwcm9qZWN0cy83NTI5OTIwNjkyMTkvbG9jYXRpb25zL21lLXdlc3QxL2J1aWxkcy9mMzEzMTdjMi0yYjBkLTRiMDktYjRmNy05Y2FmOGIwZDJiZmYSZG1lLXdlc3QxLWRvY2tlci5wa2cuZGV2L21hdGxhbS1lNTI4OC9nY2YtYXJ0aWZhY3RzL21hdGxhbS0tZTUyODhfX21lLS13ZXN0MV9fZXhwb3J0X2JhY2t1cDp2ZXJzaW9uXzEY48zMjvUVIj9wcm9qZWN0cy9tYXRsYW0tZTUyODgvbG9jYXRpb25zL21lLXdlc3QxL2Z1bmN0aW9ucy9leHBvcnRCYWNrdXAqDAjilojWBhCQqKO1AzIIbm9kZWpzMjI6cwojZ2NyLmlvL2dhZS1ydW50aW1lcy9ub2RlanMyMjpzdGFibGUSTG1lLXdlc3QxLWRvY2tlci5wa2cuZGV2L3NlcnZlcmxlc3MtcnVudGltZXMvZ29vZ2xlLTIyLWZ1bGwvcnVudGltZXMvbm9kZWpzMjJAAQ==","operationType":"UPDATE_FUNCTION","buildName":"projects/752992069219/locations/me-west1/builds/f31317c2-2b0d-4b09-b4f7-9caf8b0d2bff"},"done":false}
[2026-10-04T08:16:40.124Z] Got source token ClRwcm9qZWN0cy83NTI5OTIwNjkyMTkvbG9jYXRpb25zL21lLXdlc3QxL2J1aWxkcy9mMzEzMTdjMi0yYjBkLTRiMDktYjRmNy05Y2FmOGIwZDJiZmYSZG1lLXdlc3QxLWRvY2tlci5wa2cuZGV2L21hdGxhbS1lNTI4OC9nY2YtYXJ0aWZhY3RzL21hdGxhbS0tZTUyODhfX21lLS13ZXN0MV9fZXhwb3J0X2JhY2t1cDp2ZXJzaW9uXzEY48zMjvUVIj9wcm9qZWN0cy9tYXRsYW0tZTUyODgvbG9jYXRpb25zL21lLXdlc3QxL2Z1bmN0aW9ucy9leHBvcnRCYWNrdXAqDAjilojWBhCQqKO1AzIIbm9kZWpzMjI6cwojZ2NyLmlvL2dhZS1ydW50aW1lcy9ub2RlanMyMjpzdGFibGUSTG1lLXdlc3QxLWRvY2tlci5wa2cuZGV2L3NlcnZlcmxlc3MtcnVudGltZXMvZ29vZ2xlLTIyLWZ1bGwvcnVudGltZXMvbm9kZWpzMjJAAQ== for region me-west1
[2026-10-04T08:16:40.124Z] No OAuth tokens found
[2026-10-04T08:16:40.125Z] >>> [apiv2][query] PATCH https://cloudfunctions.googleapis.com/v2/projects/matlam-e5288/locations/me-west1/functions/importData updateMask=name%2CbuildConfig.runtime%2CbuildConfig.entryPoint%2CbuildConfig.source.storageSource.bucket%2CbuildConfig.source.storageSource.object%2CbuildConfig.environmentVariables%2CbuildConfig.sourceToken%2CserviceConfig.environmentVariables%2CserviceConfig.ingressSettings%2CserviceConfig.timeoutSeconds%2CserviceConfig.serviceAccountEmail%2CserviceConfig.availableMemory%2CserviceConfig.minInstanceCount%2CserviceConfig.maxInstanceCount%2CserviceConfig.maxInstanceRequestConcurrency%2CserviceConfig.availableCpu%2CserviceConfig.vpcConnector%2CserviceConfig.vpcConnectorEgressSettings%2CserviceConfig.directVpcNetworkInterface%2CserviceConfig.directVpcEgress%2Clabels
[2026-10-04T08:16:40.125Z] >>> [apiv2][body] PATCH https://cloudfunctions.googleapis.com/v2/projects/matlam-e5288/locations/me-west1/functions/importData {"name":"projects/matlam-e5288/locations/me-west1/functions/importData","buildConfig":{"runtime":"nodejs22","entryPoint":"importData","source":{"storageSource":{"bucket":"gcf-v2-uploads-752992069219.me-west1.cloudfunctions.appspot.com","object":"223319b8-e396-4b3f-a1fe-3b5a3cda964c.zip"}},"environmentVariables":{"GOOGLE_NODE_RUN_SCRIPTS":""},"sourceToken":"ClRwcm9qZWN0cy83NTI5OTIwNjkyMTkvbG9jYXRpb25zL21lLXdlc3QxL2J1aWxkcy9mMzEzMTdjMi0yYjBkLTRiMDktYjRmNy05Y2FmOGIwZDJiZmYSZG1lLXdlc3QxLWRvY2tlci5wa2cuZGV2L21hdGxhbS1lNTI4OC9nY2YtYXJ0aWZhY3RzL21hdGxhbS0tZTUyODhfX21lLS13ZXN0MV9fZXhwb3J0X2JhY2t1cDp2ZXJzaW9uXzEY48zMjvUVIj9wcm9qZWN0cy9tYXRsYW0tZTUyODgvbG9jYXRpb25zL21lLXdlc3QxL2Z1bmN0aW9ucy9leHBvcnRCYWNrdXAqDAjilojWBhCQqKO1AzIIbm9kZWpzMjI6cwojZ2NyLmlvL2dhZS1ydW50aW1lcy9ub2RlanMyMjpzdGFibGUSTG1lLXdlc3QxLWRvY2tlci5wa2cuZGV2L3NlcnZlcmxlc3MtcnVudGltZXMvZ29vZ2xlLTIyLWZ1bGwvcnVudGltZXMvbm9kZWpzMjJAAQ=="},"serviceConfig":{"environmentVariables":{"MAIL_USER":"itai.rosenblum@gmail.com","MAIL_PASS":"fxkwnsduixhjlohj","ADMIN_EMAIL":"itai.rosenblum@gmail.com","FIREBASE_CONFIG":"{\"projectId\":\"matlam-e5288\",\"storageBucket\":\"matlam-e5288.firebasestorage.app\"}","GCLOUD_PROJECT":"matlam-e5288","EVENTARC_CLOUD_EVENT_SOURCE":"projects/matlam-e5288/locations/me-west1/services/importData","FUNCTION_REGION":"me-west1","FUNCTION_TARGET":"importData","LOG_EXECUTION_ID":"true"},"ingressSettings":null,"timeoutSeconds":540,"serviceAccountEmail":null,"availableMemory":"1024Mi","minInstanceCount":null,"maxInstanceCount":5,"maxInstanceRequestConcurrency":80,"availableCpu":"1","vpcConnector":null,"vpcConnectorEgressSettings":null,"directVpcNetworkInterface":null,"directVpcEgress":null},"labels":{"deployment-tool":"cli-firebase","deployment-callable":"true","firebase-functions-hash":"ccd326c73bd47c1a0a90a04b20c377c4224928c4"}}
[2026-10-04T08:16:40.235Z] [update-default-me-west1-api] Retrying task index 0
[2026-10-04T08:16:40.235Z] No OAuth tokens found
[2026-10-04T08:16:40.235Z] >>> [apiv2][query] GET https://cloudfunctions.googleapis.com/v2/projects/matlam-e5288/locations/me-west1/operations/operation-1791101755228-65cff5fe082af-0bedb51e-a3392b2e [none]
[2026-10-04T08:16:41.425Z] <<< [apiv2][status] GET https://cloudfunctions.googleapis.com/v2/projects/matlam-e5288/locations/me-west1/operations/operation-1791101755228-65cff5fe082af-0bedb51e-a3392b2e 200
[2026-10-04T08:16:41.425Z] <<< [apiv2][body] GET https://cloudfunctions.googleapis.com/v2/projects/matlam-e5288/locations/me-west1/operations/operation-1791101755228-65cff5fe082af-0bedb51e-a3392b2e {"name":"projects/matlam-e5288/locations/me-west1/operations/operation-1791101755228-65cff5fe082af-0bedb51e-a3392b2e","metadata":{"@type":"type.googleapis.com/google.cloud.functions.v2.OperationMetadata","createTime":"2026-10-04T08:15:56.495787925Z","target":"projects/matlam-e5288/locations/me-west1/functions/api","verb":"update","cancelRequested":false,"apiVersion":"v2","requestResource":{"@type":"type.googleapis.com/google.cloud.functions.v2.Function","name":"projects/matlam-e5288/locations/me-west1/functions/api","buildConfig":{"runtime":"nodejs22","entryPoint":"api","source":{"storageSource":{"bucket":"gcf-v2-sources-752992069219-me-west1","object":"api/function-source.zip","generation":"1791101756450314"}},"environmentVariables":{"GOOGLE_NODE_RUN_SCRIPTS":""},"dockerRepository":"projects/matlam-e5288/locations/me-west1/repositories/gcf-artifacts","sourceProvenance":{"resolvedStorageSource":{"bucket":"gcf-v2-sources-752992069219-me-west1","object":"api/function-source.zip","generation":"1790197798922523"}},"dockerRegistry":"ARTIFACT_REGISTRY","serviceAccount":"projects/matlam-e5288/serviceAccounts/752992069219-compute@developer.gserviceaccount.com","automaticUpdatePolicy":{}},"serviceConfig":{"service":"projects/matlam-e5288/locations/me-west1/services/api","timeoutSeconds":120,"environmentVariables":{"MAIL_USER":"itai.rosenblum@gmail.com","MAIL_PASS":"fxkwnsduixhjlohj","ADMIN_EMAIL":"itai.rosenblum@gmail.com","FIREBASE_CONFIG":"{\"projectId\":\"matlam-e5288\",\"storageBucket\":\"matlam-e5288.firebasestorage.app\"}","GCLOUD_PROJECT":"matlam-e5288","EVENTARC_CLOUD_EVENT_SOURCE":"projects/matlam-e5288/locations/me-west1/services/api","FUNCTION_REGION":"me-west1","FUNCTION_TARGET":"api","LOG_EXECUTION_ID":"true"},"maxInstanceCount":5,"ingressSettings":"ALLOW_ALL","uri":"https://api-cwgid56i3a-zf.a.run.app","serviceAccountEmail":"752992069219-compute@developer.gserviceaccount.com","availableMemory":"512Mi","allTrafficOnLatestRevision":true,"revision":"api-00031-saf","maxInstanceRequestConcurrency":80,"availableCpu":"1"},"state":"ACTIVE","labels":{"deployment-tool":"cli-firebase","deployment-callable":"true","firebase-functions-hash":"ccd326c73bd47c1a0a90a04b20c377c4224928c4"},"environment":"GEN_2","url":"https://me-west1-matlam-e5288.cloudfunctions.net/api","satisfiesPzs":true,"satisfiesPzi":true},"stages":[{"name":"BUILD","message":"Build in progress","state":"IN_PROGRESS","resource":"projects/752992069219/locations/me-west1/builds/e1e6eb20-d255-4159-8a35-d8697ad769d8","resourceUri":"https://console.cloud.google.com/cloud-build/builds;region=me-west1/e1e6eb20-d255-4159-8a35-d8697ad769d8?project=752992069219"},{"name":"SERVICE","state":"NOT_STARTED"}],"operationType":"UPDATE_FUNCTION","buildName":"projects/752992069219/locations/me-west1/builds/e1e6eb20-d255-4159-8a35-d8697ad769d8"},"done":false}
[2026-10-04T08:16:42.495Z] <<< [apiv2][status] PATCH https://cloudfunctions.googleapis.com/v2/projects/matlam-e5288/locations/me-west1/functions/importData 200
[2026-10-04T08:16:42.495Z] <<< [apiv2][body] PATCH https://cloudfunctions.googleapis.com/v2/projects/matlam-e5288/locations/me-west1/functions/importData {"name":"projects/matlam-e5288/locations/me-west1/operations/operation-1791101801174-65cff629d956a-f31f07bd-70e1ed76","metadata":{"@type":"type.googleapis.com/google.cloud.functions.v2.OperationMetadata","createTime":"2026-10-04T08:16:42.377439724Z","target":"projects/matlam-e5288/locations/me-west1/functions/importData","verb":"update","cancelRequested":false,"apiVersion":"v2"},"done":false}
[2026-10-04T08:16:42.495Z] No OAuth tokens found
[2026-10-04T08:16:42.496Z] >>> [apiv2][query] GET https://cloudfunctions.googleapis.com/v2/projects/matlam-e5288/locations/me-west1/operations/operation-1791101801174-65cff629d956a-f31f07bd-70e1ed76 [none]
[2026-10-04T08:16:43.656Z] <<< [apiv2][status] GET https://cloudfunctions.googleapis.com/v2/projects/matlam-e5288/locations/me-west1/operations/operation-1791101801174-65cff629d956a-f31f07bd-70e1ed76 200
[2026-10-04T08:16:43.657Z] <<< [apiv2][body] GET https://cloudfunctions.googleapis.com/v2/projects/matlam-e5288/locations/me-west1/operations/operation-1791101801174-65cff629d956a-f31f07bd-70e1ed76 {"name":"projects/matlam-e5288/locations/me-west1/operations/operation-1791101801174-65cff629d956a-f31f07bd-70e1ed76","metadata":{"@type":"type.googleapis.com/google.cloud.functions.v2.OperationMetadata","createTime":"2026-10-04T08:16:42.377439724Z","target":"projects/matlam-e5288/locations/me-west1/functions/importData","verb":"update","cancelRequested":false,"apiVersion":"v2","requestResource":{"@type":"type.googleapis.com/google.cloud.functions.v2.Function","name":"projects/matlam-e5288/locations/me-west1/functions/importData","buildConfig":{"runtime":"nodejs22","entryPoint":"importData","source":{"storageSource":{"bucket":"gcf-v2-sources-752992069219-me-west1","object":"importData/function-source.zip","generation":"1791101802330652"}},"environmentVariables":{"GOOGLE_NODE_RUN_SCRIPTS":""},"dockerRepository":"projects/matlam-e5288/locations/me-west1/repositories/gcf-artifacts","sourceProvenance":{"resolvedStorageSource":{"bucket":"gcf-v2-sources-752992069219-me-west1","object":"importData/function-source.zip","generation":"1790197843241297"}},"dockerRegistry":"ARTIFACT_REGISTRY","sourceToken":"ClRwcm9qZWN0cy83NTI5OTIwNjkyMTkvbG9jYXRpb25zL21lLXdlc3QxL2J1aWxkcy9mMzEzMTdjMi0yYjBkLTRiMDktYjRmNy05Y2FmOGIwZDJiZmYSZG1lLXdlc3QxLWRvY2tlci5wa2cuZGV2L21hdGxhbS1lNTI4OC9nY2YtYXJ0aWZhY3RzL21hdGxhbS0tZTUyODhfX21lLS13ZXN0MV9fZXhwb3J0X2JhY2t1cDp2ZXJzaW9uXzEY48zMjvUVIj9wcm9qZWN0cy9tYXRsYW0tZTUyODgvbG9jYXRpb25zL21lLXdlc3QxL2Z1bmN0aW9ucy9leHBvcnRCYWNrdXAqDAjilojWBhCQqKO1AzIIbm9kZWpzMjI6cwojZ2NyLmlvL2dhZS1ydW50aW1lcy9ub2RlanMyMjpzdGFibGUSTG1lLXdlc3QxLWRvY2tlci5wa2cuZGV2L3NlcnZlcmxlc3MtcnVudGltZXMvZ29vZ2xlLTIyLWZ1bGwvcnVudGltZXMvbm9kZWpzMjJAAQ==","serviceAccount":"projects/matlam-e5288/serviceAccounts/752992069219-compute@developer.gserviceaccount.com","automaticUpdatePolicy":{}},"serviceConfig":{"service":"projects/matlam-e5288/locations/me-west1/services/importdata","timeoutSeconds":540,"environmentVariables":{"MAIL_USER":"itai.rosenblum@gmail.com","MAIL_PASS":"fxkwnsduixhjlohj","ADMIN_EMAIL":"itai.rosenblum@gmail.com","FIREBASE_CONFIG":"{\"projectId\":\"matlam-e5288\",\"storageBucket\":\"matlam-e5288.firebasestorage.app\"}","GCLOUD_PROJECT":"matlam-e5288","EVENTARC_CLOUD_EVENT_SOURCE":"projects/matlam-e5288/locations/me-west1/services/importData","FUNCTION_REGION":"me-west1","FUNCTION_TARGET":"importData","LOG_EXECUTION_ID":"true","FUNCTION_SIGNATURE_TYPE":"http"},"maxInstanceCount":5,"ingressSettings":"ALLOW_ALL","uri":"https://importdata-cwgid56i3a-zf.a.run.app","serviceAccountEmail":"752992069219-compute@developer.gserviceaccount.com","availableMemory":"1024Mi","allTrafficOnLatestRevision":true,"revision":"importdata-00030-qex","maxInstanceRequestConcurrency":80,"availableCpu":"1"},"state":"ACTIVE","labels":{"deployment-tool":"cloudfunctions","deployment-callable":"true","firebase-functions-hash":"ccd326c73bd47c1a0a90a04b20c377c4224928c4"},"environment":"GEN_2","url":"https://me-west1-matlam-e5288.cloudfunctions.net/importData","satisfiesPzs":true,"satisfiesPzi":true},"stages":[{"name":"BUILD","message":"Reusing build","state":"COMPLETE","resource":"projects/752992069219/locations/me-west1/builds/f31317c2-2b0d-4b09-b4f7-9caf8b0d2bff"},{"name":"SERVICE","message":"Updating Cloud Run service","state":"IN_PROGRESS","resource":"projects/matlam-e5288/locations/me-west1/services/importdata","resourceUri":"https://console.cloud.google.com/run/detail/me-west1/importdata?project=matlam-e5288","stateMessages":[{"severity":"INFO","type":"CloudRunServiceNewRevisionTrafficInfo","message":"A new revision will be deployed serving with 100% traffic."}]}],"sourceToken":"ClRwcm9qZWN0cy83NTI5OTIwNjkyMTkvbG9jYXRpb25zL21lLXdlc3QxL2J1aWxkcy9mMzEzMTdjMi0yYjBkLTRiMDktYjRmNy05Y2FmOGIwZDJiZmYSZG1lLXdlc3QxLWRvY2tlci5wa2cuZGV2L21hdGxhbS1lNTI4OC9nY2YtYXJ0aWZhY3RzL21hdGxhbS0tZTUyODhfX21lLS13ZXN0MV9fZXhwb3J0X2JhY2t1cDp2ZXJzaW9uXzEY48zMjvUVIj9wcm9qZWN0cy9tYXRsYW0tZTUyODgvbG9jYXRpb25zL21lLXdlc3QxL2Z1bmN0aW9ucy9leHBvcnRCYWNrdXAqDAjilojWBhCQqKO1AzIIbm9kZWpzMjI6cwojZ2NyLmlvL2dhZS1ydW50aW1lcy9ub2RlanMyMjpzdGFibGUSTG1lLXdlc3QxLWRvY2tlci5wa2cuZGV2L3NlcnZlcmxlc3MtcnVudGltZXMvZ29vZ2xlLTIyLWZ1bGwvcnVudGltZXMvbm9kZWpzMjJAAQ==","operationType":"UPDATE_FUNCTION","buildName":"projects/752992069219/locations/me-west1/builds/f31317c2-2b0d-4b09-b4f7-9caf8b0d2bff"},"done":false}
[2026-10-04T08:16:43.657Z] Got source token ClRwcm9qZWN0cy83NTI5OTIwNjkyMTkvbG9jYXRpb25zL21lLXdlc3QxL2J1aWxkcy9mMzEzMTdjMi0yYjBkLTRiMDktYjRmNy05Y2FmOGIwZDJiZmYSZG1lLXdlc3QxLWRvY2tlci5wa2cuZGV2L21hdGxhbS1lNTI4OC9nY2YtYXJ0aWZhY3RzL21hdGxhbS0tZTUyODhfX21lLS13ZXN0MV9fZXhwb3J0X2JhY2t1cDp2ZXJzaW9uXzEY48zMjvUVIj9wcm9qZWN0cy9tYXRsYW0tZTUyODgvbG9jYXRpb25zL21lLXdlc3QxL2Z1bmN0aW9ucy9leHBvcnRCYWNrdXAqDAjilojWBhCQqKO1AzIIbm9kZWpzMjI6cwojZ2NyLmlvL2dhZS1ydW50aW1lcy9ub2RlanMyMjpzdGFibGUSTG1lLXdlc3QxLWRvY2tlci5wa2cuZGV2L3NlcnZlcmxlc3MtcnVudGltZXMvZ29vZ2xlLTIyLWZ1bGwvcnVudGltZXMvbm9kZWpzMjJAAQ== for region me-west1
[2026-10-04T08:16:44.156Z] [update-default-me-west1-importData] Retrying task index 0
[2026-10-04T08:16:44.156Z] No OAuth tokens found
[2026-10-04T08:16:44.156Z] >>> [apiv2][query] GET https://cloudfunctions.googleapis.com/v2/projects/matlam-e5288/locations/me-west1/operations/operation-1791101801174-65cff629d956a-f31f07bd-70e1ed76 [none]
[2026-10-04T08:16:45.305Z] <<< [apiv2][status] GET https://cloudfunctions.googleapis.com/v2/projects/matlam-e5288/locations/me-west1/operations/operation-1791101801174-65cff629d956a-f31f07bd-70e1ed76 200
[2026-10-04T08:16:45.305Z] <<< [apiv2][body] GET https://cloudfunctions.googleapis.com/v2/projects/matlam-e5288/locations/me-west1/operations/operation-1791101801174-65cff629d956a-f31f07bd-70e1ed76 {"name":"projects/matlam-e5288/locations/me-west1/operations/operation-1791101801174-65cff629d956a-f31f07bd-70e1ed76","metadata":{"@type":"type.googleapis.com/google.cloud.functions.v2.OperationMetadata","createTime":"2026-10-04T08:16:42.377439724Z","target":"projects/matlam-e5288/locations/me-west1/functions/importData","verb":"update","cancelRequested":false,"apiVersion":"v2","requestResource":{"@type":"type.googleapis.com/google.cloud.functions.v2.Function","name":"projects/matlam-e5288/locations/me-west1/functions/importData","buildConfig":{"runtime":"nodejs22","entryPoint":"importData","source":{"storageSource":{"bucket":"gcf-v2-sources-752992069219-me-west1","object":"importData/function-source.zip","generation":"1791101802330652"}},"environmentVariables":{"GOOGLE_NODE_RUN_SCRIPTS":""},"dockerRepository":"projects/matlam-e5288/locations/me-west1/repositories/gcf-artifacts","sourceProvenance":{"resolvedStorageSource":{"bucket":"gcf-v2-sources-752992069219-me-west1","object":"importData/function-source.zip","generation":"1790197843241297"}},"dockerRegistry":"ARTIFACT_REGISTRY","sourceToken":"ClRwcm9qZWN0cy83NTI5OTIwNjkyMTkvbG9jYXRpb25zL21lLXdlc3QxL2J1aWxkcy9mMzEzMTdjMi0yYjBkLTRiMDktYjRmNy05Y2FmOGIwZDJiZmYSZG1lLXdlc3QxLWRvY2tlci5wa2cuZGV2L21hdGxhbS1lNTI4OC9nY2YtYXJ0aWZhY3RzL21hdGxhbS0tZTUyODhfX21lLS13ZXN0MV9fZXhwb3J0X2JhY2t1cDp2ZXJzaW9uXzEY48zMjvUVIj9wcm9qZWN0cy9tYXRsYW0tZTUyODgvbG9jYXRpb25zL21lLXdlc3QxL2Z1bmN0aW9ucy9leHBvcnRCYWNrdXAqDAjilojWBhCQqKO1AzIIbm9kZWpzMjI6cwojZ2NyLmlvL2dhZS1ydW50aW1lcy9ub2RlanMyMjpzdGFibGUSTG1lLXdlc3QxLWRvY2tlci5wa2cuZGV2L3NlcnZlcmxlc3MtcnVudGltZXMvZ29vZ2xlLTIyLWZ1bGwvcnVudGltZXMvbm9kZWpzMjJAAQ==","serviceAccount":"projects/matlam-e5288/serviceAccounts/752992069219-compute@developer.gserviceaccount.com","automaticUpdatePolicy":{}},"serviceConfig":{"service":"projects/matlam-e5288/locations/me-west1/services/importdata","timeoutSeconds":540,"environmentVariables":{"MAIL_USER":"itai.rosenblum@gmail.com","MAIL_PASS":"fxkwnsduixhjlohj","ADMIN_EMAIL":"itai.rosenblum@gmail.com","FIREBASE_CONFIG":"{\"projectId\":\"matlam-e5288\",\"storageBucket\":\"matlam-e5288.firebasestorage.app\"}","GCLOUD_PROJECT":"matlam-e5288","EVENTARC_CLOUD_EVENT_SOURCE":"projects/matlam-e5288/locations/me-west1/services/importData","FUNCTION_REGION":"me-west1","FUNCTION_TARGET":"importData","LOG_EXECUTION_ID":"true","FUNCTION_SIGNATURE_TYPE":"http"},"maxInstanceCount":5,"ingressSettings":"ALLOW_ALL","uri":"https://importdata-cwgid56i3a-zf.a.run.app","serviceAccountEmail":"752992069219-compute@developer.gserviceaccount.com","availableMemory":"1024Mi","allTrafficOnLatestRevision":true,"revision":"importdata-00030-qex","maxInstanceRequestConcurrency":80,"availableCpu":"1"},"state":"ACTIVE","labels":{"deployment-tool":"cloudfunctions","deployment-callable":"true","firebase-functions-hash":"ccd326c73bd47c1a0a90a04b20c377c4224928c4"},"environment":"GEN_2","url":"https://me-west1-matlam-e5288.cloudfunctions.net/importData","satisfiesPzs":true,"satisfiesPzi":true},"stages":[{"name":"BUILD","message":"Reusing build","state":"COMPLETE","resource":"projects/752992069219/locations/me-west1/builds/f31317c2-2b0d-4b09-b4f7-9caf8b0d2bff"},{"name":"SERVICE","message":"Updating Cloud Run service","state":"IN_PROGRESS","resource":"projects/matlam-e5288/locations/me-west1/services/importdata","resourceUri":"https://console.cloud.google.com/run/detail/me-west1/importdata?project=matlam-e5288","stateMessages":[{"severity":"INFO","type":"CloudRunServiceNewRevisionTrafficInfo","message":"A new revision will be deployed serving with 100% traffic."}]}],"sourceToken":"ClRwcm9qZWN0cy83NTI5OTIwNjkyMTkvbG9jYXRpb25zL21lLXdlc3QxL2J1aWxkcy9mMzEzMTdjMi0yYjBkLTRiMDktYjRmNy05Y2FmOGIwZDJiZmYSZG1lLXdlc3QxLWRvY2tlci5wa2cuZGV2L21hdGxhbS1lNTI4OC9nY2YtYXJ0aWZhY3RzL21hdGxhbS0tZTUyODhfX21lLS13ZXN0MV9fZXhwb3J0X2JhY2t1cDp2ZXJzaW9uXzEY48zMjvUVIj9wcm9qZWN0cy9tYXRsYW0tZTUyODgvbG9jYXRpb25zL21lLXdlc3QxL2Z1bmN0aW9ucy9leHBvcnRCYWNrdXAqDAjilojWBhCQqKO1AzIIbm9kZWpzMjI6cwojZ2NyLmlvL2dhZS1ydW50aW1lcy9ub2RlanMyMjpzdGFibGUSTG1lLXdlc3QxLWRvY2tlci5wa2cuZGV2L3NlcnZlcmxlc3MtcnVudGltZXMvZ29vZ2xlLTIyLWZ1bGwvcnVudGltZXMvbm9kZWpzMjJAAQ==","operationType":"UPDATE_FUNCTION","buildName":"projects/752992069219/locations/me-west1/builds/f31317c2-2b0d-4b09-b4f7-9caf8b0d2bff"},"done":false}
[2026-10-04T08:16:45.305Z] Got source token ClRwcm9qZWN0cy83NTI5OTIwNjkyMTkvbG9jYXRpb25zL21lLXdlc3QxL2J1aWxkcy9mMzEzMTdjMi0yYjBkLTRiMDktYjRmNy05Y2FmOGIwZDJiZmYSZG1lLXdlc3QxLWRvY2tlci5wa2cuZGV2L21hdGxhbS1lNTI4OC9nY2YtYXJ0aWZhY3RzL21hdGxhbS0tZTUyODhfX21lLS13ZXN0MV9fZXhwb3J0X2JhY2t1cDp2ZXJzaW9uXzEY48zMjvUVIj9wcm9qZWN0cy9tYXRsYW0tZTUyODgvbG9jYXRpb25zL21lLXdlc3QxL2Z1bmN0aW9ucy9leHBvcnRCYWNrdXAqDAjilojWBhCQqKO1AzIIbm9kZWpzMjI6cwojZ2NyLmlvL2dhZS1ydW50aW1lcy9ub2RlanMyMjpzdGFibGUSTG1lLXdlc3QxLWRvY2tlci5wa2cuZGV2L3NlcnZlcmxlc3MtcnVudGltZXMvZ29vZ2xlLTIyLWZ1bGwvcnVudGltZXMvbm9kZWpzMjJAAQ== for region me-west1
[2026-10-04T08:16:46.305Z] [update-default-me-west1-importData] Retrying task index 0
[2026-10-04T08:16:46.305Z] No OAuth tokens found
[2026-10-04T08:16:46.306Z] >>> [apiv2][query] GET https://cloudfunctions.googleapis.com/v2/projects/matlam-e5288/locations/me-west1/operations/operation-1791101801174-65cff629d956a-f31f07bd-70e1ed76 [none]
[2026-10-04T08:16:47.459Z] <<< [apiv2][status] GET https://cloudfunctions.googleapis.com/v2/projects/matlam-e5288/locations/me-west1/operations/operation-1791101801174-65cff629d956a-f31f07bd-70e1ed76 200
[2026-10-04T08:16:47.459Z] <<< [apiv2][body] GET https://cloudfunctions.googleapis.com/v2/projects/matlam-e5288/locations/me-west1/operations/operation-1791101801174-65cff629d956a-f31f07bd-70e1ed76 {"name":"projects/matlam-e5288/locations/me-west1/operations/operation-1791101801174-65cff629d956a-f31f07bd-70e1ed76","metadata":{"@type":"type.googleapis.com/google.cloud.functions.v2.OperationMetadata","createTime":"2026-10-04T08:16:42.377439724Z","target":"projects/matlam-e5288/locations/me-west1/functions/importData","verb":"update","cancelRequested":false,"apiVersion":"v2","requestResource":{"@type":"type.googleapis.com/google.cloud.functions.v2.Function","name":"projects/matlam-e5288/locations/me-west1/functions/importData","buildConfig":{"runtime":"nodejs22","entryPoint":"importData","source":{"storageSource":{"bucket":"gcf-v2-sources-752992069219-me-west1","object":"importData/function-source.zip","generation":"1791101802330652"}},"environmentVariables":{"GOOGLE_NODE_RUN_SCRIPTS":""},"dockerRepository":"projects/matlam-e5288/locations/me-west1/repositories/gcf-artifacts","sourceProvenance":{"resolvedStorageSource":{"bucket":"gcf-v2-sources-752992069219-me-west1","object":"importData/function-source.zip","generation":"1790197843241297"}},"dockerRegistry":"ARTIFACT_REGISTRY","sourceToken":"ClRwcm9qZWN0cy83NTI5OTIwNjkyMTkvbG9jYXRpb25zL21lLXdlc3QxL2J1aWxkcy9mMzEzMTdjMi0yYjBkLTRiMDktYjRmNy05Y2FmOGIwZDJiZmYSZG1lLXdlc3QxLWRvY2tlci5wa2cuZGV2L21hdGxhbS1lNTI4OC9nY2YtYXJ0aWZhY3RzL21hdGxhbS0tZTUyODhfX21lLS13ZXN0MV9fZXhwb3J0X2JhY2t1cDp2ZXJzaW9uXzEY48zMjvUVIj9wcm9qZWN0cy9tYXRsYW0tZTUyODgvbG9jYXRpb25zL21lLXdlc3QxL2Z1bmN0aW9ucy9leHBvcnRCYWNrdXAqDAjilojWBhCQqKO1AzIIbm9kZWpzMjI6cwojZ2NyLmlvL2dhZS1ydW50aW1lcy9ub2RlanMyMjpzdGFibGUSTG1lLXdlc3QxLWRvY2tlci5wa2cuZGV2L3NlcnZlcmxlc3MtcnVudGltZXMvZ29vZ2xlLTIyLWZ1bGwvcnVudGltZXMvbm9kZWpzMjJAAQ==","serviceAccount":"projects/matlam-e5288/serviceAccounts/752992069219-compute@developer.gserviceaccount.com","automaticUpdatePolicy":{}},"serviceConfig":{"service":"projects/matlam-e5288/locations/me-west1/services/importdata","timeoutSeconds":540,"environmentVariables":{"MAIL_USER":"itai.rosenblum@gmail.com","MAIL_PASS":"fxkwnsduixhjlohj","ADMIN_EMAIL":"itai.rosenblum@gmail.com","FIREBASE_CONFIG":"{\"projectId\":\"matlam-e5288\",\"storageBucket\":\"matlam-e5288.firebasestorage.app\"}","GCLOUD_PROJECT":"matlam-e5288","EVENTARC_CLOUD_EVENT_SOURCE":"projects/matlam-e5288/locations/me-west1/services/importData","FUNCTION_REGION":"me-west1","FUNCTION_TARGET":"importData","LOG_EXECUTION_ID":"true","FUNCTION_SIGNATURE_TYPE":"http"},"maxInstanceCount":5,"ingressSettings":"ALLOW_ALL","uri":"https://importdata-cwgid56i3a-zf.a.run.app","serviceAccountEmail":"752992069219-compute@developer.gserviceaccount.com","availableMemory":"1024Mi","allTrafficOnLatestRevision":true,"revision":"importdata-00030-qex","maxInstanceRequestConcurrency":80,"availableCpu":"1"},"state":"ACTIVE","labels":{"deployment-tool":"cloudfunctions","deployment-callable":"true","firebase-functions-hash":"ccd326c73bd47c1a0a90a04b20c377c4224928c4"},"environment":"GEN_2","url":"https://me-west1-matlam-e5288.cloudfunctions.net/importData","satisfiesPzs":true,"satisfiesPzi":true},"stages":[{"name":"BUILD","message":"Reusing build","state":"COMPLETE","resource":"projects/752992069219/locations/me-west1/builds/f31317c2-2b0d-4b09-b4f7-9caf8b0d2bff"},{"name":"SERVICE","message":"Updating Cloud Run service","state":"IN_PROGRESS","resource":"projects/matlam-e5288/locations/me-west1/services/importdata","resourceUri":"https://console.cloud.google.com/run/detail/me-west1/importdata?project=matlam-e5288","stateMessages":[{"severity":"INFO","type":"CloudRunServiceNewRevisionTrafficInfo","message":"A new revision will be deployed serving with 100% traffic."}]}],"sourceToken":"ClRwcm9qZWN0cy83NTI5OTIwNjkyMTkvbG9jYXRpb25zL21lLXdlc3QxL2J1aWxkcy9mMzEzMTdjMi0yYjBkLTRiMDktYjRmNy05Y2FmOGIwZDJiZmYSZG1lLXdlc3QxLWRvY2tlci5wa2cuZGV2L21hdGxhbS1lNTI4OC9nY2YtYXJ0aWZhY3RzL21hdGxhbS0tZTUyODhfX21lLS13ZXN0MV9fZXhwb3J0X2JhY2t1cDp2ZXJzaW9uXzEY48zMjvUVIj9wcm9qZWN0cy9tYXRsYW0tZTUyODgvbG9jYXRpb25zL21lLXdlc3QxL2Z1bmN0aW9ucy9leHBvcnRCYWNrdXAqDAjilojWBhCQqKO1AzIIbm9kZWpzMjI6cwojZ2NyLmlvL2dhZS1ydW50aW1lcy9ub2RlanMyMjpzdGFibGUSTG1lLXdlc3QxLWRvY2tlci5wa2cuZGV2L3NlcnZlcmxlc3MtcnVudGltZXMvZ29vZ2xlLTIyLWZ1bGwvcnVudGltZXMvbm9kZWpzMjJAAQ==","operationType":"UPDATE_FUNCTION","buildName":"projects/752992069219/locations/me-west1/builds/f31317c2-2b0d-4b09-b4f7-9caf8b0d2bff"},"done":false}
[2026-10-04T08:16:47.459Z] Got source token ClRwcm9qZWN0cy83NTI5OTIwNjkyMTkvbG9jYXRpb25zL21lLXdlc3QxL2J1aWxkcy9mMzEzMTdjMi0yYjBkLTRiMDktYjRmNy05Y2FmOGIwZDJiZmYSZG1lLXdlc3QxLWRvY2tlci5wa2cuZGV2L21hdGxhbS1lNTI4OC9nY2YtYXJ0aWZhY3RzL21hdGxhbS0tZTUyODhfX21lLS13ZXN0MV9fZXhwb3J0X2JhY2t1cDp2ZXJzaW9uXzEY48zMjvUVIj9wcm9qZWN0cy9tYXRsYW0tZTUyODgvbG9jYXRpb25zL21lLXdlc3QxL2Z1bmN0aW9ucy9leHBvcnRCYWNrdXAqDAjilojWBhCQqKO1AzIIbm9kZWpzMjI6cwojZ2NyLmlvL2dhZS1ydW50aW1lcy9ub2RlanMyMjpzdGFibGUSTG1lLXdlc3QxLWRvY2tlci5wa2cuZGV2L3NlcnZlcmxlc3MtcnVudGltZXMvZ29vZ2xlLTIyLWZ1bGwvcnVudGltZXMvbm9kZWpzMjJAAQ== for region me-west1
[2026-10-04T08:16:49.459Z] [update-default-me-west1-importData] Retrying task index 0
[2026-10-04T08:16:49.460Z] No OAuth tokens found
[2026-10-04T08:16:49.460Z] >>> [apiv2][query] GET https://cloudfunctions.googleapis.com/v2/projects/matlam-e5288/locations/me-west1/operations/operation-1791101801174-65cff629d956a-f31f07bd-70e1ed76 [none]
[2026-10-04T08:16:50.125Z] [update-default-me-west1-exportBackup] Retrying task index 0
[2026-10-04T08:16:50.125Z] No OAuth tokens found
[2026-10-04T08:16:50.125Z] >>> [apiv2][query] GET https://cloudfunctions.googleapis.com/v2/projects/matlam-e5288/locations/me-west1/operations/operation-1791101755264-65cff5fe10cd4-83a5c5d1-82078ef6 [none]
[2026-10-04T08:16:50.626Z] <<< [apiv2][status] GET https://cloudfunctions.googleapis.com/v2/projects/matlam-e5288/locations/me-west1/operations/operation-1791101801174-65cff629d956a-f31f07bd-70e1ed76 200
[2026-10-04T08:16:50.626Z] <<< [apiv2][body] GET https://cloudfunctions.googleapis.com/v2/projects/matlam-e5288/locations/me-west1/operations/operation-1791101801174-65cff629d956a-f31f07bd-70e1ed76 {"name":"projects/matlam-e5288/locations/me-west1/operations/operation-1791101801174-65cff629d956a-f31f07bd-70e1ed76","metadata":{"@type":"type.googleapis.com/google.cloud.functions.v2.OperationMetadata","createTime":"2026-10-04T08:16:42.377439724Z","target":"projects/matlam-e5288/locations/me-west1/functions/importData","verb":"update","cancelRequested":false,"apiVersion":"v2","requestResource":{"@type":"type.googleapis.com/google.cloud.functions.v2.Function","name":"projects/matlam-e5288/locations/me-west1/functions/importData","buildConfig":{"runtime":"nodejs22","entryPoint":"importData","source":{"storageSource":{"bucket":"gcf-v2-sources-752992069219-me-west1","object":"importData/function-source.zip","generation":"1791101802330652"}},"environmentVariables":{"GOOGLE_NODE_RUN_SCRIPTS":""},"dockerRepository":"projects/matlam-e5288/locations/me-west1/repositories/gcf-artifacts","sourceProvenance":{"resolvedStorageSource":{"bucket":"gcf-v2-sources-752992069219-me-west1","object":"importData/function-source.zip","generation":"1790197843241297"}},"dockerRegistry":"ARTIFACT_REGISTRY","sourceToken":"ClRwcm9qZWN0cy83NTI5OTIwNjkyMTkvbG9jYXRpb25zL21lLXdlc3QxL2J1aWxkcy9mMzEzMTdjMi0yYjBkLTRiMDktYjRmNy05Y2FmOGIwZDJiZmYSZG1lLXdlc3QxLWRvY2tlci5wa2cuZGV2L21hdGxhbS1lNTI4OC9nY2YtYXJ0aWZhY3RzL21hdGxhbS0tZTUyODhfX21lLS13ZXN0MV9fZXhwb3J0X2JhY2t1cDp2ZXJzaW9uXzEY48zMjvUVIj9wcm9qZWN0cy9tYXRsYW0tZTUyODgvbG9jYXRpb25zL21lLXdlc3QxL2Z1bmN0aW9ucy9leHBvcnRCYWNrdXAqDAjilojWBhCQqKO1AzIIbm9kZWpzMjI6cwojZ2NyLmlvL2dhZS1ydW50aW1lcy9ub2RlanMyMjpzdGFibGUSTG1lLXdlc3QxLWRvY2tlci5wa2cuZGV2L3NlcnZlcmxlc3MtcnVudGltZXMvZ29vZ2xlLTIyLWZ1bGwvcnVudGltZXMvbm9kZWpzMjJAAQ==","serviceAccount":"projects/matlam-e5288/serviceAccounts/752992069219-compute@developer.gserviceaccount.com","automaticUpdatePolicy":{}},"serviceConfig":{"service":"projects/matlam-e5288/locations/me-west1/services/importdata","timeoutSeconds":540,"environmentVariables":{"MAIL_USER":"itai.rosenblum@gmail.com","MAIL_PASS":"fxkwnsduixhjlohj","ADMIN_EMAIL":"itai.rosenblum@gmail.com","FIREBASE_CONFIG":"{\"projectId\":\"matlam-e5288\",\"storageBucket\":\"matlam-e5288.firebasestorage.app\"}","GCLOUD_PROJECT":"matlam-e5288","EVENTARC_CLOUD_EVENT_SOURCE":"projects/matlam-e5288/locations/me-west1/services/importData","FUNCTION_REGION":"me-west1","FUNCTION_TARGET":"importData","LOG_EXECUTION_ID":"true","FUNCTION_SIGNATURE_TYPE":"http"},"maxInstanceCount":5,"ingressSettings":"ALLOW_ALL","uri":"https://importdata-cwgid56i3a-zf.a.run.app","serviceAccountEmail":"752992069219-compute@developer.gserviceaccount.com","availableMemory":"1024Mi","allTrafficOnLatestRevision":true,"revision":"importdata-00030-qex","maxInstanceRequestConcurrency":80,"availableCpu":"1"},"state":"ACTIVE","labels":{"deployment-tool":"cloudfunctions","deployment-callable":"true","firebase-functions-hash":"ccd326c73bd47c1a0a90a04b20c377c4224928c4"},"environment":"GEN_2","url":"https://me-west1-matlam-e5288.cloudfunctions.net/importData","satisfiesPzs":true,"satisfiesPzi":true},"stages":[{"name":"BUILD","message":"Reusing build","state":"COMPLETE","resource":"projects/752992069219/locations/me-west1/builds/f31317c2-2b0d-4b09-b4f7-9caf8b0d2bff"},{"name":"SERVICE","message":"Updating Cloud Run service","state":"IN_PROGRESS","resource":"projects/matlam-e5288/locations/me-west1/services/importdata","resourceUri":"https://console.cloud.google.com/run/detail/me-west1/importdata?project=matlam-e5288","stateMessages":[{"severity":"INFO","type":"CloudRunServiceNewRevisionTrafficInfo","message":"A new revision will be deployed serving with 100% traffic."}]}],"sourceToken":"ClRwcm9qZWN0cy83NTI5OTIwNjkyMTkvbG9jYXRpb25zL21lLXdlc3QxL2J1aWxkcy9mMzEzMTdjMi0yYjBkLTRiMDktYjRmNy05Y2FmOGIwZDJiZmYSZG1lLXdlc3QxLWRvY2tlci5wa2cuZGV2L21hdGxhbS1lNTI4OC9nY2YtYXJ0aWZhY3RzL21hdGxhbS0tZTUyODhfX21lLS13ZXN0MV9fZXhwb3J0X2JhY2t1cDp2ZXJzaW9uXzEY48zMjvUVIj9wcm9qZWN0cy9tYXRsYW0tZTUyODgvbG9jYXRpb25zL21lLXdlc3QxL2Z1bmN0aW9ucy9leHBvcnRCYWNrdXAqDAjilojWBhCQqKO1AzIIbm9kZWpzMjI6cwojZ2NyLmlvL2dhZS1ydW50aW1lcy9ub2RlanMyMjpzdGFibGUSTG1lLXdlc3QxLWRvY2tlci5wa2cuZGV2L3NlcnZlcmxlc3MtcnVudGltZXMvZ29vZ2xlLTIyLWZ1bGwvcnVudGltZXMvbm9kZWpzMjJAAQ==","operationType":"UPDATE_FUNCTION","buildName":"projects/752992069219/locations/me-west1/builds/f31317c2-2b0d-4b09-b4f7-9caf8b0d2bff"},"done":false}
[2026-10-04T08:16:50.626Z] Got source token ClRwcm9qZWN0cy83NTI5OTIwNjkyMTkvbG9jYXRpb25zL21lLXdlc3QxL2J1aWxkcy9mMzEzMTdjMi0yYjBkLTRiMDktYjRmNy05Y2FmOGIwZDJiZmYSZG1lLXdlc3QxLWRvY2tlci5wa2cuZGV2L21hdGxhbS1lNTI4OC9nY2YtYXJ0aWZhY3RzL21hdGxhbS0tZTUyODhfX21lLS13ZXN0MV9fZXhwb3J0X2JhY2t1cDp2ZXJzaW9uXzEY48zMjvUVIj9wcm9qZWN0cy9tYXRsYW0tZTUyODgvbG9jYXRpb25zL21lLXdlc3QxL2Z1bmN0aW9ucy9leHBvcnRCYWNrdXAqDAjilojWBhCQqKO1AzIIbm9kZWpzMjI6cwojZ2NyLmlvL2dhZS1ydW50aW1lcy9ub2RlanMyMjpzdGFibGUSTG1lLXdlc3QxLWRvY2tlci5wa2cuZGV2L3NlcnZlcmxlc3MtcnVudGltZXMvZ29vZ2xlLTIyLWZ1bGwvcnVudGltZXMvbm9kZWpzMjJAAQ== for region me-west1
[2026-10-04T08:16:51.312Z] <<< [apiv2][status] GET https://cloudfunctions.googleapis.com/v2/projects/matlam-e5288/locations/me-west1/operations/operation-1791101755264-65cff5fe10cd4-83a5c5d1-82078ef6 200
[2026-10-04T08:16:51.312Z] <<< [apiv2][body] GET https://cloudfunctions.googleapis.com/v2/projects/matlam-e5288/locations/me-west1/operations/operation-1791101755264-65cff5fe10cd4-83a5c5d1-82078ef6 {"name":"projects/matlam-e5288/locations/me-west1/operations/operation-1791101755264-65cff5fe10cd4-83a5c5d1-82078ef6","metadata":{"@type":"type.googleapis.com/google.cloud.functions.v2.OperationMetadata","createTime":"2026-10-04T08:15:56.517943010Z","endTime":"2026-10-04T08:16:45.640840351Z","target":"projects/matlam-e5288/locations/me-west1/functions/exportBackup","verb":"update","cancelRequested":false,"apiVersion":"v2","requestResource":{"@type":"type.googleapis.com/google.cloud.functions.v2.Function","name":"projects/matlam-e5288/locations/me-west1/functions/exportBackup","buildConfig":{"runtime":"nodejs22","entryPoint":"exportBackup","source":{"storageSource":{"bucket":"gcf-v2-sources-752992069219-me-west1","object":"exportBackup/function-source.zip","generation":"1791101756473293"}},"environmentVariables":{"GOOGLE_NODE_RUN_SCRIPTS":""},"dockerRepository":"projects/matlam-e5288/locations/me-west1/repositories/gcf-artifacts","sourceProvenance":{"resolvedStorageSource":{"bucket":"gcf-v2-sources-752992069219-me-west1","object":"exportBackup/function-source.zip","generation":"1790197798987228"}},"dockerRegistry":"ARTIFACT_REGISTRY","serviceAccount":"projects/matlam-e5288/serviceAccounts/752992069219-compute@developer.gserviceaccount.com","automaticUpdatePolicy":{}},"serviceConfig":{"service":"projects/matlam-e5288/locations/me-west1/services/exportbackup","timeoutSeconds":120,"environmentVariables":{"MAIL_USER":"itai.rosenblum@gmail.com","MAIL_PASS":"fxkwnsduixhjlohj","ADMIN_EMAIL":"itai.rosenblum@gmail.com","FIREBASE_CONFIG":"{\"projectId\":\"matlam-e5288\",\"storageBucket\":\"matlam-e5288.firebasestorage.app\"}","GCLOUD_PROJECT":"matlam-e5288","EVENTARC_CLOUD_EVENT_SOURCE":"projects/matlam-e5288/locations/me-west1/services/exportBackup","FUNCTION_REGION":"me-west1","FUNCTION_TARGET":"exportBackup","LOG_EXECUTION_ID":"true"},"maxInstanceCount":5,"ingressSettings":"ALLOW_ALL","uri":"https://exportbackup-cwgid56i3a-zf.a.run.app","serviceAccountEmail":"752992069219-compute@developer.gserviceaccount.com","availableMemory":"1024Mi","allTrafficOnLatestRevision":true,"revision":"exportbackup-00012-gij","maxInstanceRequestConcurrency":80,"availableCpu":"1"},"state":"ACTIVE","labels":{"deployment-tool":"cli-firebase","deployment-callable":"true","firebase-functions-hash":"ccd326c73bd47c1a0a90a04b20c377c4224928c4"},"environment":"GEN_2","url":"https://me-west1-matlam-e5288.cloudfunctions.net/exportBackup","satisfiesPzs":true,"satisfiesPzi":true},"stages":[{"name":"BUILD","message":"Build finished","state":"COMPLETE","resource":"projects/752992069219/locations/me-west1/builds/f31317c2-2b0d-4b09-b4f7-9caf8b0d2bff","resourceUri":"https://console.cloud.google.com/cloud-build/builds;region=me-west1/f31317c2-2b0d-4b09-b4f7-9caf8b0d2bff?project=752992069219"},{"name":"SERVICE","message":"Updating Cloud Run service","state":"COMPLETE","resource":"projects/matlam-e5288/locations/me-west1/services/exportbackup","resourceUri":"https://console.cloud.google.com/run/detail/me-west1/exportbackup?project=matlam-e5288","stateMessages":[{"severity":"INFO","type":"CloudRunServiceNewRevisionTrafficInfo","message":"A new revision will be deployed serving with 100% traffic."}]}],"sourceToken":"ClRwcm9qZWN0cy83NTI5OTIwNjkyMTkvbG9jYXRpb25zL21lLXdlc3QxL2J1aWxkcy9mMzEzMTdjMi0yYjBkLTRiMDktYjRmNy05Y2FmOGIwZDJiZmYSZG1lLXdlc3QxLWRvY2tlci5wa2cuZGV2L21hdGxhbS1lNTI4OC9nY2YtYXJ0aWZhY3RzL21hdGxhbS0tZTUyODhfX21lLS13ZXN0MV9fZXhwb3J0X2JhY2t1cDp2ZXJzaW9uXzEY48zMjvUVIj9wcm9qZWN0cy9tYXRsYW0tZTUyODgvbG9jYXRpb25zL21lLXdlc3QxL2Z1bmN0aW9ucy9leHBvcnRCYWNrdXAqDAjilojWBhCQqKO1AzIIbm9kZWpzMjI6cwojZ2NyLmlvL2dhZS1ydW50aW1lcy9ub2RlanMyMjpzdGFibGUSTG1lLXdlc3QxLWRvY2tlci5wa2cuZGV2L3NlcnZlcmxlc3MtcnVudGltZXMvZ29vZ2xlLTIyLWZ1bGwvcnVudGltZXMvbm9kZWpzMjJAAQ==","operationType":"UPDATE_FUNCTION","buildName":"projects/752992069219/locations/me-west1/builds/f31317c2-2b0d-4b09-b4f7-9caf8b0d2bff"},"done":true,"response":{"@type":"type.googleapis.com/google.cloud.functions.v2.Function","name":"projects/matlam-e5288/locations/me-west1/functions/exportBackup","buildConfig":{"build":"projects/752992069219/locations/me-west1/builds/f31317c2-2b0d-4b09-b4f7-9caf8b0d2bff","runtime":"nodejs22","entryPoint":"exportBackup","source":{"storageSource":{"bucket":"gcf-v2-sources-752992069219-me-west1","object":"exportBackup/function-source.zip","generation":"1791101756473293"}},"environmentVariables":{"GOOGLE_NODE_RUN_SCRIPTS":""},"dockerRepository":"projects/matlam-e5288/locations/me-west1/repositories/gcf-artifacts","sourceProvenance":{"resolvedStorageSource":{"bucket":"gcf-v2-sources-752992069219-me-west1","object":"exportBackup/function-source.zip","generation":"1791101756473293"}},"dockerRegistry":"ARTIFACT_REGISTRY","serviceAccount":"projects/matlam-e5288/serviceAccounts/752992069219-compute@developer.gserviceaccount.com","automaticUpdatePolicy":{}},"serviceConfig":{"service":"projects/matlam-e5288/locations/me-west1/services/exportbackup","timeoutSeconds":120,"environmentVariables":{"MAIL_USER":"itai.rosenblum@gmail.com","MAIL_PASS":"fxkwnsduixhjlohj","ADMIN_EMAIL":"itai.rosenblum@gmail.com","FIREBASE_CONFIG":"{\"projectId\":\"matlam-e5288\",\"storageBucket\":\"matlam-e5288.firebasestorage.app\"}","GCLOUD_PROJECT":"matlam-e5288","EVENTARC_CLOUD_EVENT_SOURCE":"projects/matlam-e5288/locations/me-west1/services/exportBackup","FUNCTION_REGION":"me-west1","FUNCTION_TARGET":"exportBackup","LOG_EXECUTION_ID":"true"},"maxInstanceCount":5,"ingressSettings":"ALLOW_ALL","uri":"https://exportbackup-cwgid56i3a-zf.a.run.app","serviceAccountEmail":"752992069219-compute@developer.gserviceaccount.com","availableMemory":"1024Mi","allTrafficOnLatestRevision":true,"revision":"exportbackup-00013-cet","maxInstanceRequestConcurrency":80,"availableCpu":"1"},"state":"ACTIVE","updateTime":"2026-10-04T08:15:56.520424737Z","labels":{"deployment-tool":"cli-firebase","deployment-callable":"true","firebase-functions-hash":"ccd326c73bd47c1a0a90a04b20c377c4224928c4"},"environment":"GEN_2","url":"https://me-west1-matlam-e5288.cloudfunctions.net/exportBackup","satisfiesPzs":true,"createTime":"2026-09-17T03:49:31.951741876Z","satisfiesPzi":true}}
[2026-10-04T08:16:51.312Z] Got source token ClRwcm9qZWN0cy83NTI5OTIwNjkyMTkvbG9jYXRpb25zL21lLXdlc3QxL2J1aWxkcy9mMzEzMTdjMi0yYjBkLTRiMDktYjRmNy05Y2FmOGIwZDJiZmYSZG1lLXdlc3QxLWRvY2tlci5wa2cuZGV2L21hdGxhbS1lNTI4OC9nY2YtYXJ0aWZhY3RzL21hdGxhbS0tZTUyODhfX21lLS13ZXN0MV9fZXhwb3J0X2JhY2t1cDp2ZXJzaW9uXzEY48zMjvUVIj9wcm9qZWN0cy9tYXRsYW0tZTUyODgvbG9jYXRpb25zL21lLXdlc3QxL2Z1bmN0aW9ucy9leHBvcnRCYWNrdXAqDAjilojWBhCQqKO1AzIIbm9kZWpzMjI6cwojZ2NyLmlvL2dhZS1ydW50aW1lcy9ub2RlanMyMjpzdGFibGUSTG1lLXdlc3QxLWRvY2tlci5wa2cuZGV2L3NlcnZlcmxlc3MtcnVudGltZXMvZ29vZ2xlLTIyLWZ1bGwvcnVudGltZXMvbm9kZWpzMjJAAQ== for region me-west1
✔  functions[exportBackup(me-west1)] Successful update operation. 
[2026-10-04T08:16:51.425Z] [update-default-me-west1-api] Retrying task index 0
[2026-10-04T08:16:51.426Z] No OAuth tokens found
[2026-10-04T08:16:51.426Z] >>> [apiv2][query] GET https://cloudfunctions.googleapis.com/v2/projects/matlam-e5288/locations/me-west1/operations/operation-1791101755228-65cff5fe082af-0bedb51e-a3392b2e [none]
[2026-10-04T08:16:52.594Z] <<< [apiv2][status] GET https://cloudfunctions.googleapis.com/v2/projects/matlam-e5288/locations/me-west1/operations/operation-1791101755228-65cff5fe082af-0bedb51e-a3392b2e 200
[2026-10-04T08:16:52.594Z] <<< [apiv2][body] GET https://cloudfunctions.googleapis.com/v2/projects/matlam-e5288/locations/me-west1/operations/operation-1791101755228-65cff5fe082af-0bedb51e-a3392b2e {"name":"projects/matlam-e5288/locations/me-west1/operations/operation-1791101755228-65cff5fe082af-0bedb51e-a3392b2e","metadata":{"@type":"type.googleapis.com/google.cloud.functions.v2.OperationMetadata","createTime":"2026-10-04T08:15:56.495787925Z","endTime":"2026-10-04T08:16:51.621598504Z","target":"projects/matlam-e5288/locations/me-west1/functions/api","verb":"update","cancelRequested":false,"apiVersion":"v2","requestResource":{"@type":"type.googleapis.com/google.cloud.functions.v2.Function","name":"projects/matlam-e5288/locations/me-west1/functions/api","buildConfig":{"runtime":"nodejs22","entryPoint":"api","source":{"storageSource":{"bucket":"gcf-v2-sources-752992069219-me-west1","object":"api/function-source.zip","generation":"1791101756450314"}},"environmentVariables":{"GOOGLE_NODE_RUN_SCRIPTS":""},"dockerRepository":"projects/matlam-e5288/locations/me-west1/repositories/gcf-artifacts","sourceProvenance":{"resolvedStorageSource":{"bucket":"gcf-v2-sources-752992069219-me-west1","object":"api/function-source.zip","generation":"1790197798922523"}},"dockerRegistry":"ARTIFACT_REGISTRY","serviceAccount":"projects/matlam-e5288/serviceAccounts/752992069219-compute@developer.gserviceaccount.com","automaticUpdatePolicy":{}},"serviceConfig":{"service":"projects/matlam-e5288/locations/me-west1/services/api","timeoutSeconds":120,"environmentVariables":{"MAIL_USER":"itai.rosenblum@gmail.com","MAIL_PASS":"fxkwnsduixhjlohj","ADMIN_EMAIL":"itai.rosenblum@gmail.com","FIREBASE_CONFIG":"{\"projectId\":\"matlam-e5288\",\"storageBucket\":\"matlam-e5288.firebasestorage.app\"}","GCLOUD_PROJECT":"matlam-e5288","EVENTARC_CLOUD_EVENT_SOURCE":"projects/matlam-e5288/locations/me-west1/services/api","FUNCTION_REGION":"me-west1","FUNCTION_TARGET":"api","LOG_EXECUTION_ID":"true"},"maxInstanceCount":5,"ingressSettings":"ALLOW_ALL","uri":"https://api-cwgid56i3a-zf.a.run.app","serviceAccountEmail":"752992069219-compute@developer.gserviceaccount.com","availableMemory":"512Mi","allTrafficOnLatestRevision":true,"revision":"api-00031-saf","maxInstanceRequestConcurrency":80,"availableCpu":"1"},"state":"ACTIVE","labels":{"deployment-tool":"cli-firebase","deployment-callable":"true","firebase-functions-hash":"ccd326c73bd47c1a0a90a04b20c377c4224928c4"},"environment":"GEN_2","url":"https://me-west1-matlam-e5288.cloudfunctions.net/api","satisfiesPzs":true,"satisfiesPzi":true},"stages":[{"name":"BUILD","message":"Build finished","state":"COMPLETE","resource":"projects/752992069219/locations/me-west1/builds/e1e6eb20-d255-4159-8a35-d8697ad769d8","resourceUri":"https://console.cloud.google.com/cloud-build/builds;region=me-west1/e1e6eb20-d255-4159-8a35-d8697ad769d8?project=752992069219"},{"name":"SERVICE","message":"Updating Cloud Run service","state":"COMPLETE","resource":"projects/matlam-e5288/locations/me-west1/services/api","resourceUri":"https://console.cloud.google.com/run/detail/me-west1/api?project=matlam-e5288","stateMessages":[{"severity":"INFO","type":"CloudRunServiceNewRevisionTrafficInfo","message":"A new revision will be deployed serving with 100% traffic."}]}],"sourceToken":"ClRwcm9qZWN0cy83NTI5OTIwNjkyMTkvbG9jYXRpb25zL21lLXdlc3QxL2J1aWxkcy9lMWU2ZWIyMC1kMjU1LTQxNTktOGEzNS1kODY5N2FkNzY5ZDgSWm1lLXdlc3QxLWRvY2tlci5wa2cuZGV2L21hdGxhbS1lNTI4OC9nY2YtYXJ0aWZhY3RzL21hdGxhbS0tZTUyODhfX21lLS13ZXN0MV9fYXBpOnZlcnNpb25fMRjjzMyO9RUiNnByb2plY3RzL21hdGxhbS1lNTI4OC9sb2NhdGlvbnMvbWUtd2VzdDEvZnVuY3Rpb25zL2FwaSoMCOmWiNYGEMjlg/YCMghub2RlanMyMjpzCiNnY3IuaW8vZ2FlLXJ1bnRpbWVzL25vZGVqczIyOnN0YWJsZRJMbWUtd2VzdDEtZG9ja2VyLnBrZy5kZXYvc2VydmVybGVzcy1ydW50aW1lcy9nb29nbGUtMjItZnVsbC9ydW50aW1lcy9ub2RlanMyMkAB","operationType":"UPDATE_FUNCTION","buildName":"projects/752992069219/locations/me-west1/builds/e1e6eb20-d255-4159-8a35-d8697ad769d8"},"done":true,"response":{"@type":"type.googleapis.com/google.cloud.functions.v2.Function","name":"projects/matlam-e5288/locations/me-west1/functions/api","buildConfig":{"build":"projects/752992069219/locations/me-west1/builds/e1e6eb20-d255-4159-8a35-d8697ad769d8","runtime":"nodejs22","entryPoint":"api","source":{"storageSource":{"bucket":"gcf-v2-sources-752992069219-me-west1","object":"api/function-source.zip","generation":"1791101756450314"}},"environmentVariables":{"GOOGLE_NODE_RUN_SCRIPTS":""},"dockerRepository":"projects/matlam-e5288/locations/me-west1/repositories/gcf-artifacts","sourceProvenance":{"resolvedStorageSource":{"bucket":"gcf-v2-sources-752992069219-me-west1","object":"api/function-source.zip","generation":"1791101756450314"}},"dockerRegistry":"ARTIFACT_REGISTRY","serviceAccount":"projects/matlam-e5288/serviceAccounts/752992069219-compute@developer.gserviceaccount.com","automaticUpdatePolicy":{}},"serviceConfig":{"service":"projects/matlam-e5288/locations/me-west1/services/api","timeoutSeconds":120,"environmentVariables":{"MAIL_USER":"itai.rosenblum@gmail.com","MAIL_PASS":"fxkwnsduixhjlohj","ADMIN_EMAIL":"itai.rosenblum@gmail.com","FIREBASE_CONFIG":"{\"projectId\":\"matlam-e5288\",\"storageBucket\":\"matlam-e5288.firebasestorage.app\"}","GCLOUD_PROJECT":"matlam-e5288","EVENTARC_CLOUD_EVENT_SOURCE":"projects/matlam-e5288/locations/me-west1/services/api","FUNCTION_REGION":"me-west1","FUNCTION_TARGET":"api","LOG_EXECUTION_ID":"true"},"maxInstanceCount":5,"ingressSettings":"ALLOW_ALL","uri":"https://api-cwgid56i3a-zf.a.run.app","serviceAccountEmail":"752992069219-compute@developer.gserviceaccount.com","availableMemory":"512Mi","allTrafficOnLatestRevision":true,"revision":"api-00032-vux","maxInstanceRequestConcurrency":80,"availableCpu":"1"},"state":"ACTIVE","updateTime":"2026-10-04T08:15:56.497289045Z","labels":{"firebase-functions-hash":"ccd326c73bd47c1a0a90a04b20c377c4224928c4","deployment-tool":"cli-firebase","deployment-callable":"true"},"environment":"GEN_2","url":"https://me-west1-matlam-e5288.cloudfunctions.net/api","satisfiesPzs":true,"createTime":"2026-09-16T04:29:20.071458875Z","satisfiesPzi":true}}
[2026-10-04T08:16:52.594Z] Got source token ClRwcm9qZWN0cy83NTI5OTIwNjkyMTkvbG9jYXRpb25zL21lLXdlc3QxL2J1aWxkcy9lMWU2ZWIyMC1kMjU1LTQxNTktOGEzNS1kODY5N2FkNzY5ZDgSWm1lLXdlc3QxLWRvY2tlci5wa2cuZGV2L21hdGxhbS1lNTI4OC9nY2YtYXJ0aWZhY3RzL21hdGxhbS0tZTUyODhfX21lLS13ZXN0MV9fYXBpOnZlcnNpb25fMRjjzMyO9RUiNnByb2plY3RzL21hdGxhbS1lNTI4OC9sb2NhdGlvbnMvbWUtd2VzdDEvZnVuY3Rpb25zL2FwaSoMCOmWiNYGEMjlg/YCMghub2RlanMyMjpzCiNnY3IuaW8vZ2FlLXJ1bnRpbWVzL25vZGVqczIyOnN0YWJsZRJMbWUtd2VzdDEtZG9ja2VyLnBrZy5kZXYvc2VydmVybGVzcy1ydW50aW1lcy9nb29nbGUtMjItZnVsbC9ydW50aW1lcy9ub2RlanMyMkAB for region me-west1
[2026-10-04T08:16:52.595Z] No OAuth tokens found
[2026-10-04T08:16:52.595Z] No OAuth tokens found
[2026-10-04T08:16:52.595Z] >>> [apiv2][query] PATCH https://cloudfunctions.googleapis.com/v2/projects/matlam-e5288/locations/me-west1/functions/forgotPassword updateMask=name%2CbuildConfig.runtime%2CbuildConfig.entryPoint%2CbuildConfig.source.storageSource.bucket%2CbuildConfig.source.storageSource.object%2CbuildConfig.environmentVariables%2CbuildConfig.sourceToken%2CserviceConfig.environmentVariables%2CserviceConfig.ingressSettings%2CserviceConfig.timeoutSeconds%2CserviceConfig.serviceAccountEmail%2CserviceConfig.availableMemory%2CserviceConfig.minInstanceCount%2CserviceConfig.maxInstanceCount%2CserviceConfig.maxInstanceRequestConcurrency%2CserviceConfig.availableCpu%2CserviceConfig.vpcConnector%2CserviceConfig.vpcConnectorEgressSettings%2CserviceConfig.directVpcNetworkInterface%2CserviceConfig.directVpcEgress%2Clabels
[2026-10-04T08:16:52.595Z] >>> [apiv2][body] PATCH https://cloudfunctions.googleapis.com/v2/projects/matlam-e5288/locations/me-west1/functions/forgotPassword {"name":"projects/matlam-e5288/locations/me-west1/functions/forgotPassword","buildConfig":{"runtime":"nodejs22","entryPoint":"forgotPassword","source":{"storageSource":{"bucket":"gcf-v2-uploads-752992069219.me-west1.cloudfunctions.appspot.com","object":"223319b8-e396-4b3f-a1fe-3b5a3cda964c.zip"}},"environmentVariables":{"GOOGLE_NODE_RUN_SCRIPTS":""},"sourceToken":"ClRwcm9qZWN0cy83NTI5OTIwNjkyMTkvbG9jYXRpb25zL21lLXdlc3QxL2J1aWxkcy9lMWU2ZWIyMC1kMjU1LTQxNTktOGEzNS1kODY5N2FkNzY5ZDgSWm1lLXdlc3QxLWRvY2tlci5wa2cuZGV2L21hdGxhbS1lNTI4OC9nY2YtYXJ0aWZhY3RzL21hdGxhbS0tZTUyODhfX21lLS13ZXN0MV9fYXBpOnZlcnNpb25fMRjjzMyO9RUiNnByb2plY3RzL21hdGxhbS1lNTI4OC9sb2NhdGlvbnMvbWUtd2VzdDEvZnVuY3Rpb25zL2FwaSoMCOmWiNYGEMjlg/YCMghub2RlanMyMjpzCiNnY3IuaW8vZ2FlLXJ1bnRpbWVzL25vZGVqczIyOnN0YWJsZRJMbWUtd2VzdDEtZG9ja2VyLnBrZy5kZXYvc2VydmVybGVzcy1ydW50aW1lcy9nb29nbGUtMjItZnVsbC9ydW50aW1lcy9ub2RlanMyMkAB"},"serviceConfig":{"environmentVariables":{"MAIL_USER":"itai.rosenblum@gmail.com","MAIL_PASS":"fxkwnsduixhjlohj","ADMIN_EMAIL":"itai.rosenblum@gmail.com","FIREBASE_CONFIG":"{\"projectId\":\"matlam-e5288\",\"storageBucket\":\"matlam-e5288.firebasestorage.app\"}","GCLOUD_PROJECT":"matlam-e5288","EVENTARC_CLOUD_EVENT_SOURCE":"projects/matlam-e5288/locations/me-west1/services/forgotPassword","FUNCTION_REGION":"me-west1","FUNCTION_TARGET":"forgotPassword","LOG_EXECUTION_ID":"true"},"ingressSettings":null,"timeoutSeconds":120,"serviceAccountEmail":null,"availableMemory":"512Mi","minInstanceCount":null,"maxInstanceCount":5,"maxInstanceRequestConcurrency":80,"availableCpu":"1","vpcConnector":null,"vpcConnectorEgressSettings":null,"directVpcNetworkInterface":null,"directVpcEgress":null},"labels":{"deployment-tool":"cli-firebase","deployment-callable":"true","firebase-functions-hash":"ccd326c73bd47c1a0a90a04b20c377c4224928c4"}}
[2026-10-04T08:16:52.596Z] >>> [apiv2][query] PATCH https://cloudfunctions.googleapis.com/v2/projects/matlam-e5288/locations/me-west1/functions/login updateMask=name%2CbuildConfig.runtime%2CbuildConfig.entryPoint%2CbuildConfig.source.storageSource.bucket%2CbuildConfig.source.storageSource.object%2CbuildConfig.environmentVariables%2CbuildConfig.sourceToken%2CserviceConfig.environmentVariables%2CserviceConfig.ingressSettings%2CserviceConfig.timeoutSeconds%2CserviceConfig.serviceAccountEmail%2CserviceConfig.availableMemory%2CserviceConfig.minInstanceCount%2CserviceConfig.maxInstanceCount%2CserviceConfig.maxInstanceRequestConcurrency%2CserviceConfig.availableCpu%2CserviceConfig.vpcConnector%2CserviceConfig.vpcConnectorEgressSettings%2CserviceConfig.directVpcNetworkInterface%2CserviceConfig.directVpcEgress%2Clabels
[2026-10-04T08:16:52.596Z] >>> [apiv2][body] PATCH https://cloudfunctions.googleapis.com/v2/projects/matlam-e5288/locations/me-west1/functions/login {"name":"projects/matlam-e5288/locations/me-west1/functions/login","buildConfig":{"runtime":"nodejs22","entryPoint":"login","source":{"storageSource":{"bucket":"gcf-v2-uploads-752992069219.me-west1.cloudfunctions.appspot.com","object":"223319b8-e396-4b3f-a1fe-3b5a3cda964c.zip"}},"environmentVariables":{"GOOGLE_NODE_RUN_SCRIPTS":""},"sourceToken":"ClRwcm9qZWN0cy83NTI5OTIwNjkyMTkvbG9jYXRpb25zL21lLXdlc3QxL2J1aWxkcy9lMWU2ZWIyMC1kMjU1LTQxNTktOGEzNS1kODY5N2FkNzY5ZDgSWm1lLXdlc3QxLWRvY2tlci5wa2cuZGV2L21hdGxhbS1lNTI4OC9nY2YtYXJ0aWZhY3RzL21hdGxhbS0tZTUyODhfX21lLS13ZXN0MV9fYXBpOnZlcnNpb25fMRjjzMyO9RUiNnByb2plY3RzL21hdGxhbS1lNTI4OC9sb2NhdGlvbnMvbWUtd2VzdDEvZnVuY3Rpb25zL2FwaSoMCOmWiNYGEMjlg/YCMghub2RlanMyMjpzCiNnY3IuaW8vZ2FlLXJ1bnRpbWVzL25vZGVqczIyOnN0YWJsZRJMbWUtd2VzdDEtZG9ja2VyLnBrZy5kZXYvc2VydmVybGVzcy1ydW50aW1lcy9nb29nbGUtMjItZnVsbC9ydW50aW1lcy9ub2RlanMyMkAB"},"serviceConfig":{"environmentVariables":{"MAIL_USER":"itai.rosenblum@gmail.com","MAIL_PASS":"fxkwnsduixhjlohj","ADMIN_EMAIL":"itai.rosenblum@gmail.com","FIREBASE_CONFIG":"{\"projectId\":\"matlam-e5288\",\"storageBucket\":\"matlam-e5288.firebasestorage.app\"}","GCLOUD_PROJECT":"matlam-e5288","EVENTARC_CLOUD_EVENT_SOURCE":"projects/matlam-e5288/locations/me-west1/services/login","FUNCTION_REGION":"me-west1","FUNCTION_TARGET":"login","LOG_EXECUTION_ID":"true"},"ingressSettings":null,"timeoutSeconds":120,"serviceAccountEmail":null,"availableMemory":"512Mi","minInstanceCount":null,"maxInstanceCount":5,"maxInstanceRequestConcurrency":80,"availableCpu":"1","vpcConnector":null,"vpcConnectorEgressSettings":null,"directVpcNetworkInterface":null,"directVpcEgress":null},"labels":{"deployment-tool":"cli-firebase","deployment-callable":"true","firebase-functions-hash":"ccd326c73bd47c1a0a90a04b20c377c4224928c4"}}
✔  functions[api(me-west1)] Successful update operation. 
[2026-10-04T08:16:54.627Z] [update-default-me-west1-importData] Retrying task index 0
[2026-10-04T08:16:54.627Z] No OAuth tokens found
[2026-10-04T08:16:54.627Z] >>> [apiv2][query] GET https://cloudfunctions.googleapis.com/v2/projects/matlam-e5288/locations/me-west1/operations/operation-1791101801174-65cff629d956a-f31f07bd-70e1ed76 [none]
[2026-10-04T08:16:54.728Z] <<< [apiv2][status] PATCH https://cloudfunctions.googleapis.com/v2/projects/matlam-e5288/locations/me-west1/functions/login 200
[2026-10-04T08:16:54.728Z] <<< [apiv2][body] PATCH https://cloudfunctions.googleapis.com/v2/projects/matlam-e5288/locations/me-west1/functions/login {"name":"projects/matlam-e5288/locations/me-west1/operations/operation-1791101813645-65cff635be03a-9ce52f9e-60f85b6c","metadata":{"@type":"type.googleapis.com/google.cloud.functions.v2.OperationMetadata","createTime":"2026-10-04T08:16:54.611405065Z","target":"projects/matlam-e5288/locations/me-west1/functions/login","verb":"update","cancelRequested":false,"apiVersion":"v2"},"done":false}
[2026-10-04T08:16:54.729Z] No OAuth tokens found
[2026-10-04T08:16:54.729Z] >>> [apiv2][query] GET https://cloudfunctions.googleapis.com/v2/projects/matlam-e5288/locations/me-west1/operations/operation-1791101813645-65cff635be03a-9ce52f9e-60f85b6c [none]
[2026-10-04T08:16:54.877Z] <<< [apiv2][status] PATCH https://cloudfunctions.googleapis.com/v2/projects/matlam-e5288/locations/me-west1/functions/forgotPassword 200
[2026-10-04T08:16:54.877Z] <<< [apiv2][body] PATCH https://cloudfunctions.googleapis.com/v2/projects/matlam-e5288/locations/me-west1/functions/forgotPassword {"name":"projects/matlam-e5288/locations/me-west1/operations/operation-1791101813674-65cff635c53ed-28546315-5b16ebc8","metadata":{"@type":"type.googleapis.com/google.cloud.functions.v2.OperationMetadata","createTime":"2026-10-04T08:16:54.754526480Z","target":"projects/matlam-e5288/locations/me-west1/functions/forgotPassword","verb":"update","cancelRequested":false,"apiVersion":"v2"},"done":false}
[2026-10-04T08:16:54.877Z] No OAuth tokens found
[2026-10-04T08:16:54.878Z] >>> [apiv2][query] GET https://cloudfunctions.googleapis.com/v2/projects/matlam-e5288/locations/me-west1/operations/operation-1791101813674-65cff635c53ed-28546315-5b16ebc8 [none]
[2026-10-04T08:16:54.967Z] <<< [apiv2][status] GET https://cloudfunctions.googleapis.com/v2/projects/matlam-e5288/locations/me-west1/operations/operation-1791101813645-65cff635be03a-9ce52f9e-60f85b6c 200
[2026-10-04T08:16:54.968Z] <<< [apiv2][body] GET https://cloudfunctions.googleapis.com/v2/projects/matlam-e5288/locations/me-west1/operations/operation-1791101813645-65cff635be03a-9ce52f9e-60f85b6c {"name":"projects/matlam-e5288/locations/me-west1/operations/operation-1791101813645-65cff635be03a-9ce52f9e-60f85b6c","metadata":{"@type":"type.googleapis.com/google.cloud.functions.v2.OperationMetadata","createTime":"2026-10-04T08:16:54.611405065Z","target":"projects/matlam-e5288/locations/me-west1/functions/login","verb":"update","cancelRequested":false,"apiVersion":"v2","requestResource":{"@type":"type.googleapis.com/google.cloud.functions.v2.Function","name":"projects/matlam-e5288/locations/me-west1/functions/login","buildConfig":{"runtime":"nodejs22","entryPoint":"login","source":{"storageSource":{"bucket":"gcf-v2-sources-752992069219-me-west1","object":"login/function-source.zip","generation":"1791101814569553"}},"environmentVariables":{"GOOGLE_NODE_RUN_SCRIPTS":""},"dockerRepository":"projects/matlam-e5288/locations/me-west1/repositories/gcf-artifacts","sourceProvenance":{"resolvedStorageSource":{"bucket":"gcf-v2-sources-752992069219-me-west1","object":"login/function-source.zip","generation":"1790197834581992"}},"dockerRegistry":"ARTIFACT_REGISTRY","sourceToken":"ClRwcm9qZWN0cy83NTI5OTIwNjkyMTkvbG9jYXRpb25zL21lLXdlc3QxL2J1aWxkcy9lMWU2ZWIyMC1kMjU1LTQxNTktOGEzNS1kODY5N2FkNzY5ZDgSWm1lLXdlc3QxLWRvY2tlci5wa2cuZGV2L21hdGxhbS1lNTI4OC9nY2YtYXJ0aWZhY3RzL21hdGxhbS0tZTUyODhfX21lLS13ZXN0MV9fYXBpOnZlcnNpb25fMRjjzMyO9RUiNnByb2plY3RzL21hdGxhbS1lNTI4OC9sb2NhdGlvbnMvbWUtd2VzdDEvZnVuY3Rpb25zL2FwaSoMCOmWiNYGEMjlg/YCMghub2RlanMyMjpzCiNnY3IuaW8vZ2FlLXJ1bnRpbWVzL25vZGVqczIyOnN0YWJsZRJMbWUtd2VzdDEtZG9ja2VyLnBrZy5kZXYvc2VydmVybGVzcy1ydW50aW1lcy9nb29nbGUtMjItZnVsbC9ydW50aW1lcy9ub2RlanMyMkAB","serviceAccount":"projects/matlam-e5288/serviceAccounts/752992069219-compute@developer.gserviceaccount.com","automaticUpdatePolicy":{}},"serviceConfig":{"service":"projects/matlam-e5288/locations/me-west1/services/login","timeoutSeconds":120,"environmentVariables":{"MAIL_USER":"itai.rosenblum@gmail.com","MAIL_PASS":"fxkwnsduixhjlohj","ADMIN_EMAIL":"itai.rosenblum@gmail.com","FIREBASE_CONFIG":"{\"projectId\":\"matlam-e5288\",\"storageBucket\":\"matlam-e5288.firebasestorage.app\"}","GCLOUD_PROJECT":"matlam-e5288","EVENTARC_CLOUD_EVENT_SOURCE":"projects/matlam-e5288/locations/me-west1/services/login","FUNCTION_REGION":"me-west1","FUNCTION_TARGET":"login","LOG_EXECUTION_ID":"true","FUNCTION_SIGNATURE_TYPE":"http"},"maxInstanceCount":5,"ingressSettings":"ALLOW_ALL","uri":"https://login-cwgid56i3a-zf.a.run.app","serviceAccountEmail":"752992069219-compute@developer.gserviceaccount.com","availableMemory":"512Mi","allTrafficOnLatestRevision":true,"revision":"login-00030-dof","maxInstanceRequestConcurrency":80,"availableCpu":"1"},"state":"ACTIVE","labels":{"deployment-tool":"cloudfunctions","deployment-callable":"true","firebase-functions-hash":"ccd326c73bd47c1a0a90a04b20c377c4224928c4"},"environment":"GEN_2","url":"https://me-west1-matlam-e5288.cloudfunctions.net/login","satisfiesPzs":true,"satisfiesPzi":true},"stages":[{"name":"BUILD","message":"Reusing build","state":"COMPLETE","resource":"projects/752992069219/locations/me-west1/builds/e1e6eb20-d255-4159-8a35-d8697ad769d8"},{"name":"SERVICE","state":"NOT_STARTED"}],"sourceToken":"ClRwcm9qZWN0cy83NTI5OTIwNjkyMTkvbG9jYXRpb25zL21lLXdlc3QxL2J1aWxkcy9lMWU2ZWIyMC1kMjU1LTQxNTktOGEzNS1kODY5N2FkNzY5ZDgSWm1lLXdlc3QxLWRvY2tlci5wa2cuZGV2L21hdGxhbS1lNTI4OC9nY2YtYXJ0aWZhY3RzL21hdGxhbS0tZTUyODhfX21lLS13ZXN0MV9fYXBpOnZlcnNpb25fMRjjzMyO9RUiNnByb2plY3RzL21hdGxhbS1lNTI4OC9sb2NhdGlvbnMvbWUtd2VzdDEvZnVuY3Rpb25zL2FwaSoMCOmWiNYGEMjlg/YCMghub2RlanMyMjpzCiNnY3IuaW8vZ2FlLXJ1bnRpbWVzL25vZGVqczIyOnN0YWJsZRJMbWUtd2VzdDEtZG9ja2VyLnBrZy5kZXYvc2VydmVybGVzcy1ydW50aW1lcy9nb29nbGUtMjItZnVsbC9ydW50aW1lcy9ub2RlanMyMkAB","operationType":"UPDATE_FUNCTION","buildName":"projects/752992069219/locations/me-west1/builds/e1e6eb20-d255-4159-8a35-d8697ad769d8"},"done":false}
[2026-10-04T08:16:54.968Z] Got source token ClRwcm9qZWN0cy83NTI5OTIwNjkyMTkvbG9jYXRpb25zL21lLXdlc3QxL2J1aWxkcy9lMWU2ZWIyMC1kMjU1LTQxNTktOGEzNS1kODY5N2FkNzY5ZDgSWm1lLXdlc3QxLWRvY2tlci5wa2cuZGV2L21hdGxhbS1lNTI4OC9nY2YtYXJ0aWZhY3RzL21hdGxhbS0tZTUyODhfX21lLS13ZXN0MV9fYXBpOnZlcnNpb25fMRjjzMyO9RUiNnByb2plY3RzL21hdGxhbS1lNTI4OC9sb2NhdGlvbnMvbWUtd2VzdDEvZnVuY3Rpb25zL2FwaSoMCOmWiNYGEMjlg/YCMghub2RlanMyMjpzCiNnY3IuaW8vZ2FlLXJ1bnRpbWVzL25vZGVqczIyOnN0YWJsZRJMbWUtd2VzdDEtZG9ja2VyLnBrZy5kZXYvc2VydmVybGVzcy1ydW50aW1lcy9nb29nbGUtMjItZnVsbC9ydW50aW1lcy9ub2RlanMyMkAB for region me-west1
[2026-10-04T08:16:55.300Z] <<< [apiv2][status] GET https://cloudfunctions.googleapis.com/v2/projects/matlam-e5288/locations/me-west1/operations/operation-1791101813674-65cff635c53ed-28546315-5b16ebc8 200
[2026-10-04T08:16:55.300Z] <<< [apiv2][body] GET https://cloudfunctions.googleapis.com/v2/projects/matlam-e5288/locations/me-west1/operations/operation-1791101813674-65cff635c53ed-28546315-5b16ebc8 {"name":"projects/matlam-e5288/locations/me-west1/operations/operation-1791101813674-65cff635c53ed-28546315-5b16ebc8","metadata":{"@type":"type.googleapis.com/google.cloud.functions.v2.OperationMetadata","createTime":"2026-10-04T08:16:54.754526480Z","target":"projects/matlam-e5288/locations/me-west1/functions/forgotPassword","verb":"update","cancelRequested":false,"apiVersion":"v2","requestResource":{"@type":"type.googleapis.com/google.cloud.functions.v2.Function","name":"projects/matlam-e5288/locations/me-west1/functions/forgotPassword","buildConfig":{"runtime":"nodejs22","entryPoint":"forgotPassword","source":{"storageSource":{"bucket":"gcf-v2-sources-752992069219-me-west1","object":"forgotPassword/function-source.zip","generation":"1791101814704704"}},"environmentVariables":{"GOOGLE_NODE_RUN_SCRIPTS":""},"dockerRepository":"projects/matlam-e5288/locations/me-west1/repositories/gcf-artifacts","sourceProvenance":{"resolvedStorageSource":{"bucket":"gcf-v2-sources-752992069219-me-west1","object":"forgotPassword/function-source.zip","generation":"1790197834638793"}},"dockerRegistry":"ARTIFACT_REGISTRY","sourceToken":"ClRwcm9qZWN0cy83NTI5OTIwNjkyMTkvbG9jYXRpb25zL21lLXdlc3QxL2J1aWxkcy9lMWU2ZWIyMC1kMjU1LTQxNTktOGEzNS1kODY5N2FkNzY5ZDgSWm1lLXdlc3QxLWRvY2tlci5wa2cuZGV2L21hdGxhbS1lNTI4OC9nY2YtYXJ0aWZhY3RzL21hdGxhbS0tZTUyODhfX21lLS13ZXN0MV9fYXBpOnZlcnNpb25fMRjjzMyO9RUiNnByb2plY3RzL21hdGxhbS1lNTI4OC9sb2NhdGlvbnMvbWUtd2VzdDEvZnVuY3Rpb25zL2FwaSoMCOmWiNYGEMjlg/YCMghub2RlanMyMjpzCiNnY3IuaW8vZ2FlLXJ1bnRpbWVzL25vZGVqczIyOnN0YWJsZRJMbWUtd2VzdDEtZG9ja2VyLnBrZy5kZXYvc2VydmVybGVzcy1ydW50aW1lcy9nb29nbGUtMjItZnVsbC9ydW50aW1lcy9ub2RlanMyMkAB","serviceAccount":"projects/matlam-e5288/serviceAccounts/752992069219-compute@developer.gserviceaccount.com","automaticUpdatePolicy":{}},"serviceConfig":{"service":"projects/matlam-e5288/locations/me-west1/services/forgotpassword","timeoutSeconds":120,"environmentVariables":{"MAIL_USER":"itai.rosenblum@gmail.com","MAIL_PASS":"fxkwnsduixhjlohj","ADMIN_EMAIL":"itai.rosenblum@gmail.com","FIREBASE_CONFIG":"{\"projectId\":\"matlam-e5288\",\"storageBucket\":\"matlam-e5288.firebasestorage.app\"}","GCLOUD_PROJECT":"matlam-e5288","EVENTARC_CLOUD_EVENT_SOURCE":"projects/matlam-e5288/locations/me-west1/services/forgotPassword","FUNCTION_REGION":"me-west1","FUNCTION_TARGET":"forgotPassword","LOG_EXECUTION_ID":"true","FUNCTION_SIGNATURE_TYPE":"http"},"maxInstanceCount":5,"ingressSettings":"ALLOW_ALL","uri":"https://forgotpassword-cwgid56i3a-zf.a.run.app","serviceAccountEmail":"752992069219-compute@developer.gserviceaccount.com","availableMemory":"512Mi","allTrafficOnLatestRevision":true,"revision":"forgotpassword-00017-zuq","maxInstanceRequestConcurrency":80,"availableCpu":"1"},"state":"ACTIVE","labels":{"deployment-tool":"cli-firebase","deployment-callable":"true","firebase-functions-hash":"ccd326c73bd47c1a0a90a04b20c377c4224928c4"},"environment":"GEN_2","url":"https://me-west1-matlam-e5288.cloudfunctions.net/forgotPassword","satisfiesPzs":true,"satisfiesPzi":true},"stages":[{"name":"BUILD","message":"Reusing build","state":"COMPLETE","resource":"projects/752992069219/locations/me-west1/builds/e1e6eb20-d255-4159-8a35-d8697ad769d8"},{"name":"SERVICE","state":"NOT_STARTED"}],"sourceToken":"ClRwcm9qZWN0cy83NTI5OTIwNjkyMTkvbG9jYXRpb25zL21lLXdlc3QxL2J1aWxkcy9lMWU2ZWIyMC1kMjU1LTQxNTktOGEzNS1kODY5N2FkNzY5ZDgSWm1lLXdlc3QxLWRvY2tlci5wa2cuZGV2L21hdGxhbS1lNTI4OC9nY2YtYXJ0aWZhY3RzL21hdGxhbS0tZTUyODhfX21lLS13ZXN0MV9fYXBpOnZlcnNpb25fMRjjzMyO9RUiNnByb2plY3RzL21hdGxhbS1lNTI4OC9sb2NhdGlvbnMvbWUtd2VzdDEvZnVuY3Rpb25zL2FwaSoMCOmWiNYGEMjlg/YCMghub2RlanMyMjpzCiNnY3IuaW8vZ2FlLXJ1bnRpbWVzL25vZGVqczIyOnN0YWJsZRJMbWUtd2VzdDEtZG9ja2VyLnBrZy5kZXYvc2VydmVybGVzcy1ydW50aW1lcy9nb29nbGUtMjItZnVsbC9ydW50aW1lcy9ub2RlanMyMkAB","operationType":"UPDATE_FUNCTION","buildName":"projects/752992069219/locations/me-west1/builds/e1e6eb20-d255-4159-8a35-d8697ad769d8"},"done":false}
[2026-10-04T08:16:55.300Z] Got source token ClRwcm9qZWN0cy83NTI5OTIwNjkyMTkvbG9jYXRpb25zL21lLXdlc3QxL2J1aWxkcy9lMWU2ZWIyMC1kMjU1LTQxNTktOGEzNS1kODY5N2FkNzY5ZDgSWm1lLXdlc3QxLWRvY2tlci5wa2cuZGV2L21hdGxhbS1lNTI4OC9nY2YtYXJ0aWZhY3RzL21hdGxhbS0tZTUyODhfX21lLS13ZXN0MV9fYXBpOnZlcnNpb25fMRjjzMyO9RUiNnByb2plY3RzL21hdGxhbS1lNTI4OC9sb2NhdGlvbnMvbWUtd2VzdDEvZnVuY3Rpb25zL2FwaSoMCOmWiNYGEMjlg/YCMghub2RlanMyMjpzCiNnY3IuaW8vZ2FlLXJ1bnRpbWVzL25vZGVqczIyOnN0YWJsZRJMbWUtd2VzdDEtZG9ja2VyLnBrZy5kZXYvc2VydmVybGVzcy1ydW50aW1lcy9nb29nbGUtMjItZnVsbC9ydW50aW1lcy9ub2RlanMyMkAB for region me-west1
[2026-10-04T08:16:55.468Z] [update-default-me-west1-login] Retrying task index 0
[2026-10-04T08:16:55.468Z] No OAuth tokens found
[2026-10-04T08:16:55.468Z] >>> [apiv2][query] GET https://cloudfunctions.googleapis.com/v2/projects/matlam-e5288/locations/me-west1/operations/operation-1791101813645-65cff635be03a-9ce52f9e-60f85b6c [none]
[2026-10-04T08:16:55.801Z] [update-default-me-west1-forgotPassword] Retrying task index 0
[2026-10-04T08:16:55.802Z] No OAuth tokens found
[2026-10-04T08:16:55.802Z] >>> [apiv2][query] GET https://cloudfunctions.googleapis.com/v2/projects/matlam-e5288/locations/me-west1/operations/operation-1791101813674-65cff635c53ed-28546315-5b16ebc8 [none]
[2026-10-04T08:16:55.818Z] <<< [apiv2][status] GET https://cloudfunctions.googleapis.com/v2/projects/matlam-e5288/locations/me-west1/operations/operation-1791101801174-65cff629d956a-f31f07bd-70e1ed76 200
[2026-10-04T08:16:55.818Z] <<< [apiv2][body] GET https://cloudfunctions.googleapis.com/v2/projects/matlam-e5288/locations/me-west1/operations/operation-1791101801174-65cff629d956a-f31f07bd-70e1ed76 {"name":"projects/matlam-e5288/locations/me-west1/operations/operation-1791101801174-65cff629d956a-f31f07bd-70e1ed76","metadata":{"@type":"type.googleapis.com/google.cloud.functions.v2.OperationMetadata","createTime":"2026-10-04T08:16:42.377439724Z","endTime":"2026-10-04T08:16:51.344719445Z","target":"projects/matlam-e5288/locations/me-west1/functions/importData","verb":"update","cancelRequested":false,"apiVersion":"v2","requestResource":{"@type":"type.googleapis.com/google.cloud.functions.v2.Function","name":"projects/matlam-e5288/locations/me-west1/functions/importData","buildConfig":{"runtime":"nodejs22","entryPoint":"importData","source":{"storageSource":{"bucket":"gcf-v2-sources-752992069219-me-west1","object":"importData/function-source.zip","generation":"1791101802330652"}},"environmentVariables":{"GOOGLE_NODE_RUN_SCRIPTS":""},"dockerRepository":"projects/matlam-e5288/locations/me-west1/repositories/gcf-artifacts","sourceProvenance":{"resolvedStorageSource":{"bucket":"gcf-v2-sources-752992069219-me-west1","object":"importData/function-source.zip","generation":"1790197843241297"}},"dockerRegistry":"ARTIFACT_REGISTRY","sourceToken":"ClRwcm9qZWN0cy83NTI5OTIwNjkyMTkvbG9jYXRpb25zL21lLXdlc3QxL2J1aWxkcy9mMzEzMTdjMi0yYjBkLTRiMDktYjRmNy05Y2FmOGIwZDJiZmYSZG1lLXdlc3QxLWRvY2tlci5wa2cuZGV2L21hdGxhbS1lNTI4OC9nY2YtYXJ0aWZhY3RzL21hdGxhbS0tZTUyODhfX21lLS13ZXN0MV9fZXhwb3J0X2JhY2t1cDp2ZXJzaW9uXzEY48zMjvUVIj9wcm9qZWN0cy9tYXRsYW0tZTUyODgvbG9jYXRpb25zL21lLXdlc3QxL2Z1bmN0aW9ucy9leHBvcnRCYWNrdXAqDAjilojWBhCQqKO1AzIIbm9kZWpzMjI6cwojZ2NyLmlvL2dhZS1ydW50aW1lcy9ub2RlanMyMjpzdGFibGUSTG1lLXdlc3QxLWRvY2tlci5wa2cuZGV2L3NlcnZlcmxlc3MtcnVudGltZXMvZ29vZ2xlLTIyLWZ1bGwvcnVudGltZXMvbm9kZWpzMjJAAQ==","serviceAccount":"projects/matlam-e5288/serviceAccounts/752992069219-compute@developer.gserviceaccount.com","automaticUpdatePolicy":{}},"serviceConfig":{"service":"projects/matlam-e5288/locations/me-west1/services/importdata","timeoutSeconds":540,"environmentVariables":{"MAIL_USER":"itai.rosenblum@gmail.com","MAIL_PASS":"fxkwnsduixhjlohj","ADMIN_EMAIL":"itai.rosenblum@gmail.com","FIREBASE_CONFIG":"{\"projectId\":\"matlam-e5288\",\"storageBucket\":\"matlam-e5288.firebasestorage.app\"}","GCLOUD_PROJECT":"matlam-e5288","EVENTARC_CLOUD_EVENT_SOURCE":"projects/matlam-e5288/locations/me-west1/services/importData","FUNCTION_REGION":"me-west1","FUNCTION_TARGET":"importData","LOG_EXECUTION_ID":"true","FUNCTION_SIGNATURE_TYPE":"http"},"maxInstanceCount":5,"ingressSettings":"ALLOW_ALL","uri":"https://importdata-cwgid56i3a-zf.a.run.app","serviceAccountEmail":"752992069219-compute@developer.gserviceaccount.com","availableMemory":"1024Mi","allTrafficOnLatestRevision":true,"revision":"importdata-00030-qex","maxInstanceRequestConcurrency":80,"availableCpu":"1"},"state":"ACTIVE","labels":{"deployment-tool":"cloudfunctions","deployment-callable":"true","firebase-functions-hash":"ccd326c73bd47c1a0a90a04b20c377c4224928c4"},"environment":"GEN_2","url":"https://me-west1-matlam-e5288.cloudfunctions.net/importData","satisfiesPzs":true,"satisfiesPzi":true},"stages":[{"name":"BUILD","message":"Reusing build","state":"COMPLETE","resource":"projects/752992069219/locations/me-west1/builds/f31317c2-2b0d-4b09-b4f7-9caf8b0d2bff"},{"name":"SERVICE","message":"Updating Cloud Run service","state":"COMPLETE","resource":"projects/matlam-e5288/locations/me-west1/services/importdata","resourceUri":"https://console.cloud.google.com/run/detail/me-west1/importdata?project=matlam-e5288","stateMessages":[{"severity":"INFO","type":"CloudRunServiceNewRevisionTrafficInfo","message":"A new revision will be deployed serving with 100% traffic."}]}],"sourceToken":"ClRwcm9qZWN0cy83NTI5OTIwNjkyMTkvbG9jYXRpb25zL21lLXdlc3QxL2J1aWxkcy9mMzEzMTdjMi0yYjBkLTRiMDktYjRmNy05Y2FmOGIwZDJiZmYSZG1lLXdlc3QxLWRvY2tlci5wa2cuZGV2L21hdGxhbS1lNTI4OC9nY2YtYXJ0aWZhY3RzL21hdGxhbS0tZTUyODhfX21lLS13ZXN0MV9fZXhwb3J0X2JhY2t1cDp2ZXJzaW9uXzEY48zMjvUVIj9wcm9qZWN0cy9tYXRsYW0tZTUyODgvbG9jYXRpb25zL21lLXdlc3QxL2Z1bmN0aW9ucy9leHBvcnRCYWNrdXAqDAjilojWBhCQqKO1AzIIbm9kZWpzMjI6cwojZ2NyLmlvL2dhZS1ydW50aW1lcy9ub2RlanMyMjpzdGFibGUSTG1lLXdlc3QxLWRvY2tlci5wa2cuZGV2L3NlcnZlcmxlc3MtcnVudGltZXMvZ29vZ2xlLTIyLWZ1bGwvcnVudGltZXMvbm9kZWpzMjJAAQ==","operationType":"UPDATE_FUNCTION","buildName":"projects/752992069219/locations/me-west1/builds/f31317c2-2b0d-4b09-b4f7-9caf8b0d2bff"},"done":true,"response":{"@type":"type.googleapis.com/google.cloud.functions.v2.Function","name":"projects/matlam-e5288/locations/me-west1/functions/importData","buildConfig":{"build":"projects/752992069219/locations/me-west1/builds/f31317c2-2b0d-4b09-b4f7-9caf8b0d2bff","runtime":"nodejs22","entryPoint":"importData","source":{"storageSource":{"bucket":"gcf-v2-sources-752992069219-me-west1","object":"importData/function-source.zip","generation":"1791101802330652"}},"environmentVariables":{"GOOGLE_NODE_RUN_SCRIPTS":""},"dockerRepository":"projects/matlam-e5288/locations/me-west1/repositories/gcf-artifacts","sourceProvenance":{"resolvedStorageSource":{"bucket":"gcf-v2-sources-752992069219-me-west1","object":"importData/function-source.zip","generation":"1791101802330652"}},"dockerRegistry":"ARTIFACT_REGISTRY","serviceAccount":"projects/matlam-e5288/serviceAccounts/752992069219-compute@developer.gserviceaccount.com","automaticUpdatePolicy":{}},"serviceConfig":{"service":"projects/matlam-e5288/locations/me-west1/services/importdata","timeoutSeconds":540,"environmentVariables":{"MAIL_USER":"itai.rosenblum@gmail.com","MAIL_PASS":"fxkwnsduixhjlohj","ADMIN_EMAIL":"itai.rosenblum@gmail.com","FIREBASE_CONFIG":"{\"projectId\":\"matlam-e5288\",\"storageBucket\":\"matlam-e5288.firebasestorage.app\"}","GCLOUD_PROJECT":"matlam-e5288","EVENTARC_CLOUD_EVENT_SOURCE":"projects/matlam-e5288/locations/me-west1/services/importData","FUNCTION_REGION":"me-west1","FUNCTION_TARGET":"importData","LOG_EXECUTION_ID":"true","FUNCTION_SIGNATURE_TYPE":"http"},"maxInstanceCount":5,"ingressSettings":"ALLOW_ALL","uri":"https://importdata-cwgid56i3a-zf.a.run.app","serviceAccountEmail":"752992069219-compute@developer.gserviceaccount.com","availableMemory":"1024Mi","allTrafficOnLatestRevision":true,"revision":"importdata-00031-kot","maxInstanceRequestConcurrency":80,"availableCpu":"1"},"state":"ACTIVE","updateTime":"2026-10-04T08:16:42.379635741Z","labels":{"deployment-callable":"true","firebase-functions-hash":"ccd326c73bd47c1a0a90a04b20c377c4224928c4","deployment-tool":"cli-firebase"},"environment":"GEN_2","url":"https://me-west1-matlam-e5288.cloudfunctions.net/importData","satisfiesPzs":true,"createTime":"2026-09-16T04:28:40.512497640Z","satisfiesPzi":true}}
[2026-10-04T08:16:55.818Z] Got source token ClRwcm9qZWN0cy83NTI5OTIwNjkyMTkvbG9jYXRpb25zL21lLXdlc3QxL2J1aWxkcy9mMzEzMTdjMi0yYjBkLTRiMDktYjRmNy05Y2FmOGIwZDJiZmYSZG1lLXdlc3QxLWRvY2tlci5wa2cuZGV2L21hdGxhbS1lNTI4OC9nY2YtYXJ0aWZhY3RzL21hdGxhbS0tZTUyODhfX21lLS13ZXN0MV9fZXhwb3J0X2JhY2t1cDp2ZXJzaW9uXzEY48zMjvUVIj9wcm9qZWN0cy9tYXRsYW0tZTUyODgvbG9jYXRpb25zL21lLXdlc3QxL2Z1bmN0aW9ucy9leHBvcnRCYWNrdXAqDAjilojWBhCQqKO1AzIIbm9kZWpzMjI6cwojZ2NyLmlvL2dhZS1ydW50aW1lcy9ub2RlanMyMjpzdGFibGUSTG1lLXdlc3QxLWRvY2tlci5wa2cuZGV2L3NlcnZlcmxlc3MtcnVudGltZXMvZ29vZ2xlLTIyLWZ1bGwvcnVudGltZXMvbm9kZWpzMjJAAQ== for region me-west1
✔  functions[importData(me-west1)] Successful update operation. 
[2026-10-04T08:16:56.220Z] <<< [apiv2][status] GET https://cloudfunctions.googleapis.com/v2/projects/matlam-e5288/locations/me-west1/operations/operation-1791101813674-65cff635c53ed-28546315-5b16ebc8 200
[2026-10-04T08:16:56.221Z] <<< [apiv2][body] GET https://cloudfunctions.googleapis.com/v2/projects/matlam-e5288/locations/me-west1/operations/operation-1791101813674-65cff635c53ed-28546315-5b16ebc8 {"name":"projects/matlam-e5288/locations/me-west1/operations/operation-1791101813674-65cff635c53ed-28546315-5b16ebc8","metadata":{"@type":"type.googleapis.com/google.cloud.functions.v2.OperationMetadata","createTime":"2026-10-04T08:16:54.754526480Z","target":"projects/matlam-e5288/locations/me-west1/functions/forgotPassword","verb":"update","cancelRequested":false,"apiVersion":"v2","requestResource":{"@type":"type.googleapis.com/google.cloud.functions.v2.Function","name":"projects/matlam-e5288/locations/me-west1/functions/forgotPassword","buildConfig":{"runtime":"nodejs22","entryPoint":"forgotPassword","source":{"storageSource":{"bucket":"gcf-v2-sources-752992069219-me-west1","object":"forgotPassword/function-source.zip","generation":"1791101814704704"}},"environmentVariables":{"GOOGLE_NODE_RUN_SCRIPTS":""},"dockerRepository":"projects/matlam-e5288/locations/me-west1/repositories/gcf-artifacts","sourceProvenance":{"resolvedStorageSource":{"bucket":"gcf-v2-sources-752992069219-me-west1","object":"forgotPassword/function-source.zip","generation":"1790197834638793"}},"dockerRegistry":"ARTIFACT_REGISTRY","sourceToken":"ClRwcm9qZWN0cy83NTI5OTIwNjkyMTkvbG9jYXRpb25zL21lLXdlc3QxL2J1aWxkcy9lMWU2ZWIyMC1kMjU1LTQxNTktOGEzNS1kODY5N2FkNzY5ZDgSWm1lLXdlc3QxLWRvY2tlci5wa2cuZGV2L21hdGxhbS1lNTI4OC9nY2YtYXJ0aWZhY3RzL21hdGxhbS0tZTUyODhfX21lLS13ZXN0MV9fYXBpOnZlcnNpb25fMRjjzMyO9RUiNnByb2plY3RzL21hdGxhbS1lNTI4OC9sb2NhdGlvbnMvbWUtd2VzdDEvZnVuY3Rpb25zL2FwaSoMCOmWiNYGEMjlg/YCMghub2RlanMyMjpzCiNnY3IuaW8vZ2FlLXJ1bnRpbWVzL25vZGVqczIyOnN0YWJsZRJMbWUtd2VzdDEtZG9ja2VyLnBrZy5kZXYvc2VydmVybGVzcy1ydW50aW1lcy9nb29nbGUtMjItZnVsbC9ydW50aW1lcy9ub2RlanMyMkAB","serviceAccount":"projects/matlam-e5288/serviceAccounts/752992069219-compute@developer.gserviceaccount.com","automaticUpdatePolicy":{}},"serviceConfig":{"service":"projects/matlam-e5288/locations/me-west1/services/forgotpassword","timeoutSeconds":120,"environmentVariables":{"MAIL_USER":"itai.rosenblum@gmail.com","MAIL_PASS":"fxkwnsduixhjlohj","ADMIN_EMAIL":"itai.rosenblum@gmail.com","FIREBASE_CONFIG":"{\"projectId\":\"matlam-e5288\",\"storageBucket\":\"matlam-e5288.firebasestorage.app\"}","GCLOUD_PROJECT":"matlam-e5288","EVENTARC_CLOUD_EVENT_SOURCE":"projects/matlam-e5288/locations/me-west1/services/forgotPassword","FUNCTION_REGION":"me-west1","FUNCTION_TARGET":"forgotPassword","LOG_EXECUTION_ID":"true","FUNCTION_SIGNATURE_TYPE":"http"},"maxInstanceCount":5,"ingressSettings":"ALLOW_ALL","uri":"https://forgotpassword-cwgid56i3a-zf.a.run.app","serviceAccountEmail":"752992069219-compute@developer.gserviceaccount.com","availableMemory":"512Mi","allTrafficOnLatestRevision":true,"revision":"forgotpassword-00017-zuq","maxInstanceRequestConcurrency":80,"availableCpu":"1"},"state":"ACTIVE","labels":{"deployment-tool":"cli-firebase","deployment-callable":"true","firebase-functions-hash":"ccd326c73bd47c1a0a90a04b20c377c4224928c4"},"environment":"GEN_2","url":"https://me-west1-matlam-e5288.cloudfunctions.net/forgotPassword","satisfiesPzs":true,"satisfiesPzi":true},"stages":[{"name":"BUILD","message":"Reusing build","state":"COMPLETE","resource":"projects/752992069219/locations/me-west1/builds/e1e6eb20-d255-4159-8a35-d8697ad769d8"},{"name":"SERVICE","message":"Updating Cloud Run service","state":"IN_PROGRESS","resource":"projects/matlam-e5288/locations/me-west1/services/forgotpassword","resourceUri":"https://console.cloud.google.com/run/detail/me-west1/forgotpassword?project=matlam-e5288","stateMessages":[{"severity":"INFO","type":"CloudRunServiceNewRevisionTrafficInfo","message":"A new revision will be deployed serving with 100% traffic."}]}],"sourceToken":"ClRwcm9qZWN0cy83NTI5OTIwNjkyMTkvbG9jYXRpb25zL21lLXdlc3QxL2J1aWxkcy9lMWU2ZWIyMC1kMjU1LTQxNTktOGEzNS1kODY5N2FkNzY5ZDgSWm1lLXdlc3QxLWRvY2tlci5wa2cuZGV2L21hdGxhbS1lNTI4OC9nY2YtYXJ0aWZhY3RzL21hdGxhbS0tZTUyODhfX21lLS13ZXN0MV9fYXBpOnZlcnNpb25fMRjjzMyO9RUiNnByb2plY3RzL21hdGxhbS1lNTI4OC9sb2NhdGlvbnMvbWUtd2VzdDEvZnVuY3Rpb25zL2FwaSoMCOmWiNYGEMjlg/YCMghub2RlanMyMjpzCiNnY3IuaW8vZ2FlLXJ1bnRpbWVzL25vZGVqczIyOnN0YWJsZRJMbWUtd2VzdDEtZG9ja2VyLnBrZy5kZXYvc2VydmVybGVzcy1ydW50aW1lcy9nb29nbGUtMjItZnVsbC9ydW50aW1lcy9ub2RlanMyMkAB","operationType":"UPDATE_FUNCTION","buildName":"projects/752992069219/locations/me-west1/builds/e1e6eb20-d255-4159-8a35-d8697ad769d8"},"done":false}
[2026-10-04T08:16:56.221Z] Got source token ClRwcm9qZWN0cy83NTI5OTIwNjkyMTkvbG9jYXRpb25zL21lLXdlc3QxL2J1aWxkcy9lMWU2ZWIyMC1kMjU1LTQxNTktOGEzNS1kODY5N2FkNzY5ZDgSWm1lLXdlc3QxLWRvY2tlci5wa2cuZGV2L21hdGxhbS1lNTI4OC9nY2YtYXJ0aWZhY3RzL21hdGxhbS0tZTUyODhfX21lLS13ZXN0MV9fYXBpOnZlcnNpb25fMRjjzMyO9RUiNnByb2plY3RzL21hdGxhbS1lNTI4OC9sb2NhdGlvbnMvbWUtd2VzdDEvZnVuY3Rpb25zL2FwaSoMCOmWiNYGEMjlg/YCMghub2RlanMyMjpzCiNnY3IuaW8vZ2FlLXJ1bnRpbWVzL25vZGVqczIyOnN0YWJsZRJMbWUtd2VzdDEtZG9ja2VyLnBrZy5kZXYvc2VydmVybGVzcy1ydW50aW1lcy9nb29nbGUtMjItZnVsbC9ydW50aW1lcy9ub2RlanMyMkAB for region me-west1
[2026-10-04T08:16:56.628Z] <<< [apiv2][status] GET https://cloudfunctions.googleapis.com/v2/projects/matlam-e5288/locations/me-west1/operations/operation-1791101813645-65cff635be03a-9ce52f9e-60f85b6c 200
[2026-10-04T08:16:56.628Z] <<< [apiv2][body] GET https://cloudfunctions.googleapis.com/v2/projects/matlam-e5288/locations/me-west1/operations/operation-1791101813645-65cff635be03a-9ce52f9e-60f85b6c {"name":"projects/matlam-e5288/locations/me-west1/operations/operation-1791101813645-65cff635be03a-9ce52f9e-60f85b6c","metadata":{"@type":"type.googleapis.com/google.cloud.functions.v2.OperationMetadata","createTime":"2026-10-04T08:16:54.611405065Z","target":"projects/matlam-e5288/locations/me-west1/functions/login","verb":"update","cancelRequested":false,"apiVersion":"v2","requestResource":{"@type":"type.googleapis.com/google.cloud.functions.v2.Function","name":"projects/matlam-e5288/locations/me-west1/functions/login","buildConfig":{"runtime":"nodejs22","entryPoint":"login","source":{"storageSource":{"bucket":"gcf-v2-sources-752992069219-me-west1","object":"login/function-source.zip","generation":"1791101814569553"}},"environmentVariables":{"GOOGLE_NODE_RUN_SCRIPTS":""},"dockerRepository":"projects/matlam-e5288/locations/me-west1/repositories/gcf-artifacts","sourceProvenance":{"resolvedStorageSource":{"bucket":"gcf-v2-sources-752992069219-me-west1","object":"login/function-source.zip","generation":"1790197834581992"}},"dockerRegistry":"ARTIFACT_REGISTRY","sourceToken":"ClRwcm9qZWN0cy83NTI5OTIwNjkyMTkvbG9jYXRpb25zL21lLXdlc3QxL2J1aWxkcy9lMWU2ZWIyMC1kMjU1LTQxNTktOGEzNS1kODY5N2FkNzY5ZDgSWm1lLXdlc3QxLWRvY2tlci5wa2cuZGV2L21hdGxhbS1lNTI4OC9nY2YtYXJ0aWZhY3RzL21hdGxhbS0tZTUyODhfX21lLS13ZXN0MV9fYXBpOnZlcnNpb25fMRjjzMyO9RUiNnByb2plY3RzL21hdGxhbS1lNTI4OC9sb2NhdGlvbnMvbWUtd2VzdDEvZnVuY3Rpb25zL2FwaSoMCOmWiNYGEMjlg/YCMghub2RlanMyMjpzCiNnY3IuaW8vZ2FlLXJ1bnRpbWVzL25vZGVqczIyOnN0YWJsZRJMbWUtd2VzdDEtZG9ja2VyLnBrZy5kZXYvc2VydmVybGVzcy1ydW50aW1lcy9nb29nbGUtMjItZnVsbC9ydW50aW1lcy9ub2RlanMyMkAB","serviceAccount":"projects/matlam-e5288/serviceAccounts/752992069219-compute@developer.gserviceaccount.com","automaticUpdatePolicy":{}},"serviceConfig":{"service":"projects/matlam-e5288/locations/me-west1/services/login","timeoutSeconds":120,"environmentVariables":{"MAIL_USER":"itai.rosenblum@gmail.com","MAIL_PASS":"fxkwnsduixhjlohj","ADMIN_EMAIL":"itai.rosenblum@gmail.com","FIREBASE_CONFIG":"{\"projectId\":\"matlam-e5288\",\"storageBucket\":\"matlam-e5288.firebasestorage.app\"}","GCLOUD_PROJECT":"matlam-e5288","EVENTARC_CLOUD_EVENT_SOURCE":"projects/matlam-e5288/locations/me-west1/services/login","FUNCTION_REGION":"me-west1","FUNCTION_TARGET":"login","LOG_EXECUTION_ID":"true","FUNCTION_SIGNATURE_TYPE":"http"},"maxInstanceCount":5,"ingressSettings":"ALLOW_ALL","uri":"https://login-cwgid56i3a-zf.a.run.app","serviceAccountEmail":"752992069219-compute@developer.gserviceaccount.com","availableMemory":"512Mi","allTrafficOnLatestRevision":true,"revision":"login-00030-dof","maxInstanceRequestConcurrency":80,"availableCpu":"1"},"state":"ACTIVE","labels":{"deployment-tool":"cloudfunctions","deployment-callable":"true","firebase-functions-hash":"ccd326c73bd47c1a0a90a04b20c377c4224928c4"},"environment":"GEN_2","url":"https://me-west1-matlam-e5288.cloudfunctions.net/login","satisfiesPzs":true,"satisfiesPzi":true},"stages":[{"name":"BUILD","message":"Reusing build","state":"COMPLETE","resource":"projects/752992069219/locations/me-west1/builds/e1e6eb20-d255-4159-8a35-d8697ad769d8"},{"name":"SERVICE","message":"Updating Cloud Run service","state":"IN_PROGRESS","resource":"projects/matlam-e5288/locations/me-west1/services/login","resourceUri":"https://console.cloud.google.com/run/detail/me-west1/login?project=matlam-e5288","stateMessages":[{"severity":"INFO","type":"CloudRunServiceNewRevisionTrafficInfo","message":"A new revision will be deployed serving with 100% traffic."}]}],"sourceToken":"ClRwcm9qZWN0cy83NTI5OTIwNjkyMTkvbG9jYXRpb25zL21lLXdlc3QxL2J1aWxkcy9lMWU2ZWIyMC1kMjU1LTQxNTktOGEzNS1kODY5N2FkNzY5ZDgSWm1lLXdlc3QxLWRvY2tlci5wa2cuZGV2L21hdGxhbS1lNTI4OC9nY2YtYXJ0aWZhY3RzL21hdGxhbS0tZTUyODhfX21lLS13ZXN0MV9fYXBpOnZlcnNpb25fMRjjzMyO9RUiNnByb2plY3RzL21hdGxhbS1lNTI4OC9sb2NhdGlvbnMvbWUtd2VzdDEvZnVuY3Rpb25zL2FwaSoMCOmWiNYGEMjlg/YCMghub2RlanMyMjpzCiNnY3IuaW8vZ2FlLXJ1bnRpbWVzL25vZGVqczIyOnN0YWJsZRJMbWUtd2VzdDEtZG9ja2VyLnBrZy5kZXYvc2VydmVybGVzcy1ydW50aW1lcy9nb29nbGUtMjItZnVsbC9ydW50aW1lcy9ub2RlanMyMkAB","operationType":"UPDATE_FUNCTION","buildName":"projects/752992069219/locations/me-west1/builds/e1e6eb20-d255-4159-8a35-d8697ad769d8"},"done":false}
[2026-10-04T08:16:56.628Z] Got source token ClRwcm9qZWN0cy83NTI5OTIwNjkyMTkvbG9jYXRpb25zL21lLXdlc3QxL2J1aWxkcy9lMWU2ZWIyMC1kMjU1LTQxNTktOGEzNS1kODY5N2FkNzY5ZDgSWm1lLXdlc3QxLWRvY2tlci5wa2cuZGV2L21hdGxhbS1lNTI4OC9nY2YtYXJ0aWZhY3RzL21hdGxhbS0tZTUyODhfX21lLS13ZXN0MV9fYXBpOnZlcnNpb25fMRjjzMyO9RUiNnByb2plY3RzL21hdGxhbS1lNTI4OC9sb2NhdGlvbnMvbWUtd2VzdDEvZnVuY3Rpb25zL2FwaSoMCOmWiNYGEMjlg/YCMghub2RlanMyMjpzCiNnY3IuaW8vZ2FlLXJ1bnRpbWVzL25vZGVqczIyOnN0YWJsZRJMbWUtd2VzdDEtZG9ja2VyLnBrZy5kZXYvc2VydmVybGVzcy1ydW50aW1lcy9nb29nbGUtMjItZnVsbC9ydW50aW1lcy9ub2RlanMyMkAB for region me-west1
[2026-10-04T08:16:57.220Z] [update-default-me-west1-forgotPassword] Retrying task index 0
[2026-10-04T08:16:57.221Z] No OAuth tokens found
[2026-10-04T08:16:57.221Z] >>> [apiv2][query] GET https://cloudfunctions.googleapis.com/v2/projects/matlam-e5288/locations/me-west1/operations/operation-1791101813674-65cff635c53ed-28546315-5b16ebc8 [none]
[2026-10-04T08:16:57.629Z] [update-default-me-west1-login] Retrying task index 0
[2026-10-04T08:16:57.630Z] No OAuth tokens found
[2026-10-04T08:16:57.630Z] >>> [apiv2][query] GET https://cloudfunctions.googleapis.com/v2/projects/matlam-e5288/locations/me-west1/operations/operation-1791101813645-65cff635be03a-9ce52f9e-60f85b6c [none]
[2026-10-04T08:16:58.047Z] <<< [apiv2][status] GET https://cloudfunctions.googleapis.com/v2/projects/matlam-e5288/locations/me-west1/operations/operation-1791101813645-65cff635be03a-9ce52f9e-60f85b6c 200
[2026-10-04T08:16:58.047Z] <<< [apiv2][body] GET https://cloudfunctions.googleapis.com/v2/projects/matlam-e5288/locations/me-west1/operations/operation-1791101813645-65cff635be03a-9ce52f9e-60f85b6c {"name":"projects/matlam-e5288/locations/me-west1/operations/operation-1791101813645-65cff635be03a-9ce52f9e-60f85b6c","metadata":{"@type":"type.googleapis.com/google.cloud.functions.v2.OperationMetadata","createTime":"2026-10-04T08:16:54.611405065Z","target":"projects/matlam-e5288/locations/me-west1/functions/login","verb":"update","cancelRequested":false,"apiVersion":"v2","requestResource":{"@type":"type.googleapis.com/google.cloud.functions.v2.Function","name":"projects/matlam-e5288/locations/me-west1/functions/login","buildConfig":{"runtime":"nodejs22","entryPoint":"login","source":{"storageSource":{"bucket":"gcf-v2-sources-752992069219-me-west1","object":"login/function-source.zip","generation":"1791101814569553"}},"environmentVariables":{"GOOGLE_NODE_RUN_SCRIPTS":""},"dockerRepository":"projects/matlam-e5288/locations/me-west1/repositories/gcf-artifacts","sourceProvenance":{"resolvedStorageSource":{"bucket":"gcf-v2-sources-752992069219-me-west1","object":"login/function-source.zip","generation":"1790197834581992"}},"dockerRegistry":"ARTIFACT_REGISTRY","sourceToken":"ClRwcm9qZWN0cy83NTI5OTIwNjkyMTkvbG9jYXRpb25zL21lLXdlc3QxL2J1aWxkcy9lMWU2ZWIyMC1kMjU1LTQxNTktOGEzNS1kODY5N2FkNzY5ZDgSWm1lLXdlc3QxLWRvY2tlci5wa2cuZGV2L21hdGxhbS1lNTI4OC9nY2YtYXJ0aWZhY3RzL21hdGxhbS0tZTUyODhfX21lLS13ZXN0MV9fYXBpOnZlcnNpb25fMRjjzMyO9RUiNnByb2plY3RzL21hdGxhbS1lNTI4OC9sb2NhdGlvbnMvbWUtd2VzdDEvZnVuY3Rpb25zL2FwaSoMCOmWiNYGEMjlg/YCMghub2RlanMyMjpzCiNnY3IuaW8vZ2FlLXJ1bnRpbWVzL25vZGVqczIyOnN0YWJsZRJMbWUtd2VzdDEtZG9ja2VyLnBrZy5kZXYvc2VydmVybGVzcy1ydW50aW1lcy9nb29nbGUtMjItZnVsbC9ydW50aW1lcy9ub2RlanMyMkAB","serviceAccount":"projects/matlam-e5288/serviceAccounts/752992069219-compute@developer.gserviceaccount.com","automaticUpdatePolicy":{}},"serviceConfig":{"service":"projects/matlam-e5288/locations/me-west1/services/login","timeoutSeconds":120,"environmentVariables":{"MAIL_USER":"itai.rosenblum@gmail.com","MAIL_PASS":"fxkwnsduixhjlohj","ADMIN_EMAIL":"itai.rosenblum@gmail.com","FIREBASE_CONFIG":"{\"projectId\":\"matlam-e5288\",\"storageBucket\":\"matlam-e5288.firebasestorage.app\"}","GCLOUD_PROJECT":"matlam-e5288","EVENTARC_CLOUD_EVENT_SOURCE":"projects/matlam-e5288/locations/me-west1/services/login","FUNCTION_REGION":"me-west1","FUNCTION_TARGET":"login","LOG_EXECUTION_ID":"true","FUNCTION_SIGNATURE_TYPE":"http"},"maxInstanceCount":5,"ingressSettings":"ALLOW_ALL","uri":"https://login-cwgid56i3a-zf.a.run.app","serviceAccountEmail":"752992069219-compute@developer.gserviceaccount.com","availableMemory":"512Mi","allTrafficOnLatestRevision":true,"revision":"login-00030-dof","maxInstanceRequestConcurrency":80,"availableCpu":"1"},"state":"ACTIVE","labels":{"deployment-tool":"cloudfunctions","deployment-callable":"true","firebase-functions-hash":"ccd326c73bd47c1a0a90a04b20c377c4224928c4"},"environment":"GEN_2","url":"https://me-west1-matlam-e5288.cloudfunctions.net/login","satisfiesPzs":true,"satisfiesPzi":true},"stages":[{"name":"BUILD","message":"Reusing build","state":"COMPLETE","resource":"projects/752992069219/locations/me-west1/builds/e1e6eb20-d255-4159-8a35-d8697ad769d8"},{"name":"SERVICE","message":"Updating Cloud Run service","state":"IN_PROGRESS","resource":"projects/matlam-e5288/locations/me-west1/services/login","resourceUri":"https://console.cloud.google.com/run/detail/me-west1/login?project=matlam-e5288","stateMessages":[{"severity":"INFO","type":"CloudRunServiceNewRevisionTrafficInfo","message":"A new revision will be deployed serving with 100% traffic."}]}],"sourceToken":"ClRwcm9qZWN0cy83NTI5OTIwNjkyMTkvbG9jYXRpb25zL21lLXdlc3QxL2J1aWxkcy9lMWU2ZWIyMC1kMjU1LTQxNTktOGEzNS1kODY5N2FkNzY5ZDgSWm1lLXdlc3QxLWRvY2tlci5wa2cuZGV2L21hdGxhbS1lNTI4OC9nY2YtYXJ0aWZhY3RzL21hdGxhbS0tZTUyODhfX21lLS13ZXN0MV9fYXBpOnZlcnNpb25fMRjjzMyO9RUiNnByb2plY3RzL21hdGxhbS1lNTI4OC9sb2NhdGlvbnMvbWUtd2VzdDEvZnVuY3Rpb25zL2FwaSoMCOmWiNYGEMjlg/YCMghub2RlanMyMjpzCiNnY3IuaW8vZ2FlLXJ1bnRpbWVzL25vZGVqczIyOnN0YWJsZRJMbWUtd2VzdDEtZG9ja2VyLnBrZy5kZXYvc2VydmVybGVzcy1ydW50aW1lcy9nb29nbGUtMjItZnVsbC9ydW50aW1lcy9ub2RlanMyMkAB","operationType":"UPDATE_FUNCTION","buildName":"projects/752992069219/locations/me-west1/builds/e1e6eb20-d255-4159-8a35-d8697ad769d8"},"done":false}
[2026-10-04T08:16:58.047Z] Got source token ClRwcm9qZWN0cy83NTI5OTIwNjkyMTkvbG9jYXRpb25zL21lLXdlc3QxL2J1aWxkcy9lMWU2ZWIyMC1kMjU1LTQxNTktOGEzNS1kODY5N2FkNzY5ZDgSWm1lLXdlc3QxLWRvY2tlci5wa2cuZGV2L21hdGxhbS1lNTI4OC9nY2YtYXJ0aWZhY3RzL21hdGxhbS0tZTUyODhfX21lLS13ZXN0MV9fYXBpOnZlcnNpb25fMRjjzMyO9RUiNnByb2plY3RzL21hdGxhbS1lNTI4OC9sb2NhdGlvbnMvbWUtd2VzdDEvZnVuY3Rpb25zL2FwaSoMCOmWiNYGEMjlg/YCMghub2RlanMyMjpzCiNnY3IuaW8vZ2FlLXJ1bnRpbWVzL25vZGVqczIyOnN0YWJsZRJMbWUtd2VzdDEtZG9ja2VyLnBrZy5kZXYvc2VydmVybGVzcy1ydW50aW1lcy9nb29nbGUtMjItZnVsbC9ydW50aW1lcy9ub2RlanMyMkAB for region me-west1
[2026-10-04T08:16:58.384Z] <<< [apiv2][status] GET https://cloudfunctions.googleapis.com/v2/projects/matlam-e5288/locations/me-west1/operations/operation-1791101813674-65cff635c53ed-28546315-5b16ebc8 200
[2026-10-04T08:16:58.384Z] <<< [apiv2][body] GET https://cloudfunctions.googleapis.com/v2/projects/matlam-e5288/locations/me-west1/operations/operation-1791101813674-65cff635c53ed-28546315-5b16ebc8 {"name":"projects/matlam-e5288/locations/me-west1/operations/operation-1791101813674-65cff635c53ed-28546315-5b16ebc8","metadata":{"@type":"type.googleapis.com/google.cloud.functions.v2.OperationMetadata","createTime":"2026-10-04T08:16:54.754526480Z","target":"projects/matlam-e5288/locations/me-west1/functions/forgotPassword","verb":"update","cancelRequested":false,"apiVersion":"v2","requestResource":{"@type":"type.googleapis.com/google.cloud.functions.v2.Function","name":"projects/matlam-e5288/locations/me-west1/functions/forgotPassword","buildConfig":{"runtime":"nodejs22","entryPoint":"forgotPassword","source":{"storageSource":{"bucket":"gcf-v2-sources-752992069219-me-west1","object":"forgotPassword/function-source.zip","generation":"1791101814704704"}},"environmentVariables":{"GOOGLE_NODE_RUN_SCRIPTS":""},"dockerRepository":"projects/matlam-e5288/locations/me-west1/repositories/gcf-artifacts","sourceProvenance":{"resolvedStorageSource":{"bucket":"gcf-v2-sources-752992069219-me-west1","object":"forgotPassword/function-source.zip","generation":"1790197834638793"}},"dockerRegistry":"ARTIFACT_REGISTRY","sourceToken":"ClRwcm9qZWN0cy83NTI5OTIwNjkyMTkvbG9jYXRpb25zL21lLXdlc3QxL2J1aWxkcy9lMWU2ZWIyMC1kMjU1LTQxNTktOGEzNS1kODY5N2FkNzY5ZDgSWm1lLXdlc3QxLWRvY2tlci5wa2cuZGV2L21hdGxhbS1lNTI4OC9nY2YtYXJ0aWZhY3RzL21hdGxhbS0tZTUyODhfX21lLS13ZXN0MV9fYXBpOnZlcnNpb25fMRjjzMyO9RUiNnByb2plY3RzL21hdGxhbS1lNTI4OC9sb2NhdGlvbnMvbWUtd2VzdDEvZnVuY3Rpb25zL2FwaSoMCOmWiNYGEMjlg/YCMghub2RlanMyMjpzCiNnY3IuaW8vZ2FlLXJ1bnRpbWVzL25vZGVqczIyOnN0YWJsZRJMbWUtd2VzdDEtZG9ja2VyLnBrZy5kZXYvc2VydmVybGVzcy1ydW50aW1lcy9nb29nbGUtMjItZnVsbC9ydW50aW1lcy9ub2RlanMyMkAB","serviceAccount":"projects/matlam-e5288/serviceAccounts/752992069219-compute@developer.gserviceaccount.com","automaticUpdatePolicy":{}},"serviceConfig":{"service":"projects/matlam-e5288/locations/me-west1/services/forgotpassword","timeoutSeconds":120,"environmentVariables":{"MAIL_USER":"itai.rosenblum@gmail.com","MAIL_PASS":"fxkwnsduixhjlohj","ADMIN_EMAIL":"itai.rosenblum@gmail.com","FIREBASE_CONFIG":"{\"projectId\":\"matlam-e5288\",\"storageBucket\":\"matlam-e5288.firebasestorage.app\"}","GCLOUD_PROJECT":"matlam-e5288","EVENTARC_CLOUD_EVENT_SOURCE":"projects/matlam-e5288/locations/me-west1/services/forgotPassword","FUNCTION_REGION":"me-west1","FUNCTION_TARGET":"forgotPassword","LOG_EXECUTION_ID":"true","FUNCTION_SIGNATURE_TYPE":"http"},"maxInstanceCount":5,"ingressSettings":"ALLOW_ALL","uri":"https://forgotpassword-cwgid56i3a-zf.a.run.app","serviceAccountEmail":"752992069219-compute@developer.gserviceaccount.com","availableMemory":"512Mi","allTrafficOnLatestRevision":true,"revision":"forgotpassword-00017-zuq","maxInstanceRequestConcurrency":80,"availableCpu":"1"},"state":"ACTIVE","labels":{"deployment-tool":"cli-firebase","deployment-callable":"true","firebase-functions-hash":"ccd326c73bd47c1a0a90a04b20c377c4224928c4"},"environment":"GEN_2","url":"https://me-west1-matlam-e5288.cloudfunctions.net/forgotPassword","satisfiesPzs":true,"satisfiesPzi":true},"stages":[{"name":"BUILD","message":"Reusing build","state":"COMPLETE","resource":"projects/752992069219/locations/me-west1/builds/e1e6eb20-d255-4159-8a35-d8697ad769d8"},{"name":"SERVICE","message":"Updating Cloud Run service","state":"IN_PROGRESS","resource":"projects/matlam-e5288/locations/me-west1/services/forgotpassword","resourceUri":"https://console.cloud.google.com/run/detail/me-west1/forgotpassword?project=matlam-e5288","stateMessages":[{"severity":"INFO","type":"CloudRunServiceNewRevisionTrafficInfo","message":"A new revision will be deployed serving with 100% traffic."}]}],"sourceToken":"ClRwcm9qZWN0cy83NTI5OTIwNjkyMTkvbG9jYXRpb25zL21lLXdlc3QxL2J1aWxkcy9lMWU2ZWIyMC1kMjU1LTQxNTktOGEzNS1kODY5N2FkNzY5ZDgSWm1lLXdlc3QxLWRvY2tlci5wa2cuZGV2L21hdGxhbS1lNTI4OC9nY2YtYXJ0aWZhY3RzL21hdGxhbS0tZTUyODhfX21lLS13ZXN0MV9fYXBpOnZlcnNpb25fMRjjzMyO9RUiNnByb2plY3RzL21hdGxhbS1lNTI4OC9sb2NhdGlvbnMvbWUtd2VzdDEvZnVuY3Rpb25zL2FwaSoMCOmWiNYGEMjlg/YCMghub2RlanMyMjpzCiNnY3IuaW8vZ2FlLXJ1bnRpbWVzL25vZGVqczIyOnN0YWJsZRJMbWUtd2VzdDEtZG9ja2VyLnBrZy5kZXYvc2VydmVybGVzcy1ydW50aW1lcy9nb29nbGUtMjItZnVsbC9ydW50aW1lcy9ub2RlanMyMkAB","operationType":"UPDATE_FUNCTION","buildName":"projects/752992069219/locations/me-west1/builds/e1e6eb20-d255-4159-8a35-d8697ad769d8"},"done":false}
[2026-10-04T08:16:58.384Z] Got source token ClRwcm9qZWN0cy83NTI5OTIwNjkyMTkvbG9jYXRpb25zL21lLXdlc3QxL2J1aWxkcy9lMWU2ZWIyMC1kMjU1LTQxNTktOGEzNS1kODY5N2FkNzY5ZDgSWm1lLXdlc3QxLWRvY2tlci5wa2cuZGV2L21hdGxhbS1lNTI4OC9nY2YtYXJ0aWZhY3RzL21hdGxhbS0tZTUyODhfX21lLS13ZXN0MV9fYXBpOnZlcnNpb25fMRjjzMyO9RUiNnByb2plY3RzL21hdGxhbS1lNTI4OC9sb2NhdGlvbnMvbWUtd2VzdDEvZnVuY3Rpb25zL2FwaSoMCOmWiNYGEMjlg/YCMghub2RlanMyMjpzCiNnY3IuaW8vZ2FlLXJ1bnRpbWVzL25vZGVqczIyOnN0YWJsZRJMbWUtd2VzdDEtZG9ja2VyLnBrZy5kZXYvc2VydmVybGVzcy1ydW50aW1lcy9nb29nbGUtMjItZnVsbC9ydW50aW1lcy9ub2RlanMyMkAB for region me-west1
[2026-10-04T08:17:00.047Z] [update-default-me-west1-login] Retrying task index 0
[2026-10-04T08:17:00.048Z] No OAuth tokens found
[2026-10-04T08:17:00.048Z] >>> [apiv2][query] GET https://cloudfunctions.googleapis.com/v2/projects/matlam-e5288/locations/me-west1/operations/operation-1791101813645-65cff635be03a-9ce52f9e-60f85b6c [none]
[2026-10-04T08:17:00.385Z] [update-default-me-west1-forgotPassword] Retrying task index 0
[2026-10-04T08:17:00.386Z] No OAuth tokens found
[2026-10-04T08:17:00.386Z] >>> [apiv2][query] GET https://cloudfunctions.googleapis.com/v2/projects/matlam-e5288/locations/me-west1/operations/operation-1791101813674-65cff635c53ed-28546315-5b16ebc8 [none]
[2026-10-04T08:17:01.197Z] <<< [apiv2][status] GET https://cloudfunctions.googleapis.com/v2/projects/matlam-e5288/locations/me-west1/operations/operation-1791101813645-65cff635be03a-9ce52f9e-60f85b6c 200
[2026-10-04T08:17:01.197Z] <<< [apiv2][body] GET https://cloudfunctions.googleapis.com/v2/projects/matlam-e5288/locations/me-west1/operations/operation-1791101813645-65cff635be03a-9ce52f9e-60f85b6c {"name":"projects/matlam-e5288/locations/me-west1/operations/operation-1791101813645-65cff635be03a-9ce52f9e-60f85b6c","metadata":{"@type":"type.googleapis.com/google.cloud.functions.v2.OperationMetadata","createTime":"2026-10-04T08:16:54.611405065Z","target":"projects/matlam-e5288/locations/me-west1/functions/login","verb":"update","cancelRequested":false,"apiVersion":"v2","requestResource":{"@type":"type.googleapis.com/google.cloud.functions.v2.Function","name":"projects/matlam-e5288/locations/me-west1/functions/login","buildConfig":{"runtime":"nodejs22","entryPoint":"login","source":{"storageSource":{"bucket":"gcf-v2-sources-752992069219-me-west1","object":"login/function-source.zip","generation":"1791101814569553"}},"environmentVariables":{"GOOGLE_NODE_RUN_SCRIPTS":""},"dockerRepository":"projects/matlam-e5288/locations/me-west1/repositories/gcf-artifacts","sourceProvenance":{"resolvedStorageSource":{"bucket":"gcf-v2-sources-752992069219-me-west1","object":"login/function-source.zip","generation":"1790197834581992"}},"dockerRegistry":"ARTIFACT_REGISTRY","sourceToken":"ClRwcm9qZWN0cy83NTI5OTIwNjkyMTkvbG9jYXRpb25zL21lLXdlc3QxL2J1aWxkcy9lMWU2ZWIyMC1kMjU1LTQxNTktOGEzNS1kODY5N2FkNzY5ZDgSWm1lLXdlc3QxLWRvY2tlci5wa2cuZGV2L21hdGxhbS1lNTI4OC9nY2YtYXJ0aWZhY3RzL21hdGxhbS0tZTUyODhfX21lLS13ZXN0MV9fYXBpOnZlcnNpb25fMRjjzMyO9RUiNnByb2plY3RzL21hdGxhbS1lNTI4OC9sb2NhdGlvbnMvbWUtd2VzdDEvZnVuY3Rpb25zL2FwaSoMCOmWiNYGEMjlg/YCMghub2RlanMyMjpzCiNnY3IuaW8vZ2FlLXJ1bnRpbWVzL25vZGVqczIyOnN0YWJsZRJMbWUtd2VzdDEtZG9ja2VyLnBrZy5kZXYvc2VydmVybGVzcy1ydW50aW1lcy9nb29nbGUtMjItZnVsbC9ydW50aW1lcy9ub2RlanMyMkAB","serviceAccount":"projects/matlam-e5288/serviceAccounts/752992069219-compute@developer.gserviceaccount.com","automaticUpdatePolicy":{}},"serviceConfig":{"service":"projects/matlam-e5288/locations/me-west1/services/login","timeoutSeconds":120,"environmentVariables":{"MAIL_USER":"itai.rosenblum@gmail.com","MAIL_PASS":"fxkwnsduixhjlohj","ADMIN_EMAIL":"itai.rosenblum@gmail.com","FIREBASE_CONFIG":"{\"projectId\":\"matlam-e5288\",\"storageBucket\":\"matlam-e5288.firebasestorage.app\"}","GCLOUD_PROJECT":"matlam-e5288","EVENTARC_CLOUD_EVENT_SOURCE":"projects/matlam-e5288/locations/me-west1/services/login","FUNCTION_REGION":"me-west1","FUNCTION_TARGET":"login","LOG_EXECUTION_ID":"true","FUNCTION_SIGNATURE_TYPE":"http"},"maxInstanceCount":5,"ingressSettings":"ALLOW_ALL","uri":"https://login-cwgid56i3a-zf.a.run.app","serviceAccountEmail":"752992069219-compute@developer.gserviceaccount.com","availableMemory":"512Mi","allTrafficOnLatestRevision":true,"revision":"login-00030-dof","maxInstanceRequestConcurrency":80,"availableCpu":"1"},"state":"ACTIVE","labels":{"deployment-tool":"cloudfunctions","deployment-callable":"true","firebase-functions-hash":"ccd326c73bd47c1a0a90a04b20c377c4224928c4"},"environment":"GEN_2","url":"https://me-west1-matlam-e5288.cloudfunctions.net/login","satisfiesPzs":true,"satisfiesPzi":true},"stages":[{"name":"BUILD","message":"Reusing build","state":"COMPLETE","resource":"projects/752992069219/locations/me-west1/builds/e1e6eb20-d255-4159-8a35-d8697ad769d8"},{"name":"SERVICE","message":"Updating Cloud Run service","state":"IN_PROGRESS","resource":"projects/matlam-e5288/locations/me-west1/services/login","resourceUri":"https://console.cloud.google.com/run/detail/me-west1/login?project=matlam-e5288","stateMessages":[{"severity":"INFO","type":"CloudRunServiceNewRevisionTrafficInfo","message":"A new revision will be deployed serving with 100% traffic."}]}],"sourceToken":"ClRwcm9qZWN0cy83NTI5OTIwNjkyMTkvbG9jYXRpb25zL21lLXdlc3QxL2J1aWxkcy9lMWU2ZWIyMC1kMjU1LTQxNTktOGEzNS1kODY5N2FkNzY5ZDgSWm1lLXdlc3QxLWRvY2tlci5wa2cuZGV2L21hdGxhbS1lNTI4OC9nY2YtYXJ0aWZhY3RzL21hdGxhbS0tZTUyODhfX21lLS13ZXN0MV9fYXBpOnZlcnNpb25fMRjjzMyO9RUiNnByb2plY3RzL21hdGxhbS1lNTI4OC9sb2NhdGlvbnMvbWUtd2VzdDEvZnVuY3Rpb25zL2FwaSoMCOmWiNYGEMjlg/YCMghub2RlanMyMjpzCiNnY3IuaW8vZ2FlLXJ1bnRpbWVzL25vZGVqczIyOnN0YWJsZRJMbWUtd2VzdDEtZG9ja2VyLnBrZy5kZXYvc2VydmVybGVzcy1ydW50aW1lcy9nb29nbGUtMjItZnVsbC9ydW50aW1lcy9ub2RlanMyMkAB","operationType":"UPDATE_FUNCTION","buildName":"projects/752992069219/locations/me-west1/builds/e1e6eb20-d255-4159-8a35-d8697ad769d8"},"done":false}
[2026-10-04T08:17:01.197Z] Got source token ClRwcm9qZWN0cy83NTI5OTIwNjkyMTkvbG9jYXRpb25zL21lLXdlc3QxL2J1aWxkcy9lMWU2ZWIyMC1kMjU1LTQxNTktOGEzNS1kODY5N2FkNzY5ZDgSWm1lLXdlc3QxLWRvY2tlci5wa2cuZGV2L21hdGxhbS1lNTI4OC9nY2YtYXJ0aWZhY3RzL21hdGxhbS0tZTUyODhfX21lLS13ZXN0MV9fYXBpOnZlcnNpb25fMRjjzMyO9RUiNnByb2plY3RzL21hdGxhbS1lNTI4OC9sb2NhdGlvbnMvbWUtd2VzdDEvZnVuY3Rpb25zL2FwaSoMCOmWiNYGEMjlg/YCMghub2RlanMyMjpzCiNnY3IuaW8vZ2FlLXJ1bnRpbWVzL25vZGVqczIyOnN0YWJsZRJMbWUtd2VzdDEtZG9ja2VyLnBrZy5kZXYvc2VydmVybGVzcy1ydW50aW1lcy9nb29nbGUtMjItZnVsbC9ydW50aW1lcy9ub2RlanMyMkAB for region me-west1
[2026-10-04T08:17:01.547Z] <<< [apiv2][status] GET https://cloudfunctions.googleapis.com/v2/projects/matlam-e5288/locations/me-west1/operations/operation-1791101813674-65cff635c53ed-28546315-5b16ebc8 200
[2026-10-04T08:17:01.547Z] <<< [apiv2][body] GET https://cloudfunctions.googleapis.com/v2/projects/matlam-e5288/locations/me-west1/operations/operation-1791101813674-65cff635c53ed-28546315-5b16ebc8 {"name":"projects/matlam-e5288/locations/me-west1/operations/operation-1791101813674-65cff635c53ed-28546315-5b16ebc8","metadata":{"@type":"type.googleapis.com/google.cloud.functions.v2.OperationMetadata","createTime":"2026-10-04T08:16:54.754526480Z","target":"projects/matlam-e5288/locations/me-west1/functions/forgotPassword","verb":"update","cancelRequested":false,"apiVersion":"v2","requestResource":{"@type":"type.googleapis.com/google.cloud.functions.v2.Function","name":"projects/matlam-e5288/locations/me-west1/functions/forgotPassword","buildConfig":{"runtime":"nodejs22","entryPoint":"forgotPassword","source":{"storageSource":{"bucket":"gcf-v2-sources-752992069219-me-west1","object":"forgotPassword/function-source.zip","generation":"1791101814704704"}},"environmentVariables":{"GOOGLE_NODE_RUN_SCRIPTS":""},"dockerRepository":"projects/matlam-e5288/locations/me-west1/repositories/gcf-artifacts","sourceProvenance":{"resolvedStorageSource":{"bucket":"gcf-v2-sources-752992069219-me-west1","object":"forgotPassword/function-source.zip","generation":"1790197834638793"}},"dockerRegistry":"ARTIFACT_REGISTRY","sourceToken":"ClRwcm9qZWN0cy83NTI5OTIwNjkyMTkvbG9jYXRpb25zL21lLXdlc3QxL2J1aWxkcy9lMWU2ZWIyMC1kMjU1LTQxNTktOGEzNS1kODY5N2FkNzY5ZDgSWm1lLXdlc3QxLWRvY2tlci5wa2cuZGV2L21hdGxhbS1lNTI4OC9nY2YtYXJ0aWZhY3RzL21hdGxhbS0tZTUyODhfX21lLS13ZXN0MV9fYXBpOnZlcnNpb25fMRjjzMyO9RUiNnByb2plY3RzL21hdGxhbS1lNTI4OC9sb2NhdGlvbnMvbWUtd2VzdDEvZnVuY3Rpb25zL2FwaSoMCOmWiNYGEMjlg/YCMghub2RlanMyMjpzCiNnY3IuaW8vZ2FlLXJ1bnRpbWVzL25vZGVqczIyOnN0YWJsZRJMbWUtd2VzdDEtZG9ja2VyLnBrZy5kZXYvc2VydmVybGVzcy1ydW50aW1lcy9nb29nbGUtMjItZnVsbC9ydW50aW1lcy9ub2RlanMyMkAB","serviceAccount":"projects/matlam-e5288/serviceAccounts/752992069219-compute@developer.gserviceaccount.com","automaticUpdatePolicy":{}},"serviceConfig":{"service":"projects/matlam-e5288/locations/me-west1/services/forgotpassword","timeoutSeconds":120,"environmentVariables":{"MAIL_USER":"itai.rosenblum@gmail.com","MAIL_PASS":"fxkwnsduixhjlohj","ADMIN_EMAIL":"itai.rosenblum@gmail.com","FIREBASE_CONFIG":"{\"projectId\":\"matlam-e5288\",\"storageBucket\":\"matlam-e5288.firebasestorage.app\"}","GCLOUD_PROJECT":"matlam-e5288","EVENTARC_CLOUD_EVENT_SOURCE":"projects/matlam-e5288/locations/me-west1/services/forgotPassword","FUNCTION_REGION":"me-west1","FUNCTION_TARGET":"forgotPassword","LOG_EXECUTION_ID":"true","FUNCTION_SIGNATURE_TYPE":"http"},"maxInstanceCount":5,"ingressSettings":"ALLOW_ALL","uri":"https://forgotpassword-cwgid56i3a-zf.a.run.app","serviceAccountEmail":"752992069219-compute@developer.gserviceaccount.com","availableMemory":"512Mi","allTrafficOnLatestRevision":true,"revision":"forgotpassword-00017-zuq","maxInstanceRequestConcurrency":80,"availableCpu":"1"},"state":"ACTIVE","labels":{"deployment-tool":"cli-firebase","deployment-callable":"true","firebase-functions-hash":"ccd326c73bd47c1a0a90a04b20c377c4224928c4"},"environment":"GEN_2","url":"https://me-west1-matlam-e5288.cloudfunctions.net/forgotPassword","satisfiesPzs":true,"satisfiesPzi":true},"stages":[{"name":"BUILD","message":"Reusing build","state":"COMPLETE","resource":"projects/752992069219/locations/me-west1/builds/e1e6eb20-d255-4159-8a35-d8697ad769d8"},{"name":"SERVICE","message":"Updating Cloud Run service","state":"IN_PROGRESS","resource":"projects/matlam-e5288/locations/me-west1/services/forgotpassword","resourceUri":"https://console.cloud.google.com/run/detail/me-west1/forgotpassword?project=matlam-e5288","stateMessages":[{"severity":"INFO","type":"CloudRunServiceNewRevisionTrafficInfo","message":"A new revision will be deployed serving with 100% traffic."}]}],"sourceToken":"ClRwcm9qZWN0cy83NTI5OTIwNjkyMTkvbG9jYXRpb25zL21lLXdlc3QxL2J1aWxkcy9lMWU2ZWIyMC1kMjU1LTQxNTktOGEzNS1kODY5N2FkNzY5ZDgSWm1lLXdlc3QxLWRvY2tlci5wa2cuZGV2L21hdGxhbS1lNTI4OC9nY2YtYXJ0aWZhY3RzL21hdGxhbS0tZTUyODhfX21lLS13ZXN0MV9fYXBpOnZlcnNpb25fMRjjzMyO9RUiNnByb2plY3RzL21hdGxhbS1lNTI4OC9sb2NhdGlvbnMvbWUtd2VzdDEvZnVuY3Rpb25zL2FwaSoMCOmWiNYGEMjlg/YCMghub2RlanMyMjpzCiNnY3IuaW8vZ2FlLXJ1bnRpbWVzL25vZGVqczIyOnN0YWJsZRJMbWUtd2VzdDEtZG9ja2VyLnBrZy5kZXYvc2VydmVybGVzcy1ydW50aW1lcy9nb29nbGUtMjItZnVsbC9ydW50aW1lcy9ub2RlanMyMkAB","operationType":"UPDATE_FUNCTION","buildName":"projects/752992069219/locations/me-west1/builds/e1e6eb20-d255-4159-8a35-d8697ad769d8"},"done":false}
[2026-10-04T08:17:01.547Z] Got source token ClRwcm9qZWN0cy83NTI5OTIwNjkyMTkvbG9jYXRpb25zL21lLXdlc3QxL2J1aWxkcy9lMWU2ZWIyMC1kMjU1LTQxNTktOGEzNS1kODY5N2FkNzY5ZDgSWm1lLXdlc3QxLWRvY2tlci5wa2cuZGV2L21hdGxhbS1lNTI4OC9nY2YtYXJ0aWZhY3RzL21hdGxhbS0tZTUyODhfX21lLS13ZXN0MV9fYXBpOnZlcnNpb25fMRjjzMyO9RUiNnByb2plY3RzL21hdGxhbS1lNTI4OC9sb2NhdGlvbnMvbWUtd2VzdDEvZnVuY3Rpb25zL2FwaSoMCOmWiNYGEMjlg/YCMghub2RlanMyMjpzCiNnY3IuaW8vZ2FlLXJ1bnRpbWVzL25vZGVqczIyOnN0YWJsZRJMbWUtd2VzdDEtZG9ja2VyLnBrZy5kZXYvc2VydmVybGVzcy1ydW50aW1lcy9nb29nbGUtMjItZnVsbC9ydW50aW1lcy9ub2RlanMyMkAB for region me-west1
[2026-10-04T08:17:05.198Z] [update-default-me-west1-login] Retrying task index 0
[2026-10-04T08:17:05.199Z] No OAuth tokens found
[2026-10-04T08:17:05.199Z] >>> [apiv2][query] GET https://cloudfunctions.googleapis.com/v2/projects/matlam-e5288/locations/me-west1/operations/operation-1791101813645-65cff635be03a-9ce52f9e-60f85b6c [none]
[2026-10-04T08:17:05.547Z] [update-default-me-west1-forgotPassword] Retrying task index 0
[2026-10-04T08:17:05.547Z] No OAuth tokens found
[2026-10-04T08:17:05.547Z] >>> [apiv2][query] GET https://cloudfunctions.googleapis.com/v2/projects/matlam-e5288/locations/me-west1/operations/operation-1791101813674-65cff635c53ed-28546315-5b16ebc8 [none]
[2026-10-04T08:17:06.384Z] <<< [apiv2][status] GET https://cloudfunctions.googleapis.com/v2/projects/matlam-e5288/locations/me-west1/operations/operation-1791101813645-65cff635be03a-9ce52f9e-60f85b6c 200
[2026-10-04T08:17:06.385Z] <<< [apiv2][body] GET https://cloudfunctions.googleapis.com/v2/projects/matlam-e5288/locations/me-west1/operations/operation-1791101813645-65cff635be03a-9ce52f9e-60f85b6c {"name":"projects/matlam-e5288/locations/me-west1/operations/operation-1791101813645-65cff635be03a-9ce52f9e-60f85b6c","metadata":{"@type":"type.googleapis.com/google.cloud.functions.v2.OperationMetadata","createTime":"2026-10-04T08:16:54.611405065Z","endTime":"2026-10-04T08:17:02.226766786Z","target":"projects/matlam-e5288/locations/me-west1/functions/login","verb":"update","cancelRequested":false,"apiVersion":"v2","requestResource":{"@type":"type.googleapis.com/google.cloud.functions.v2.Function","name":"projects/matlam-e5288/locations/me-west1/functions/login","buildConfig":{"runtime":"nodejs22","entryPoint":"login","source":{"storageSource":{"bucket":"gcf-v2-sources-752992069219-me-west1","object":"login/function-source.zip","generation":"1791101814569553"}},"environmentVariables":{"GOOGLE_NODE_RUN_SCRIPTS":""},"dockerRepository":"projects/matlam-e5288/locations/me-west1/repositories/gcf-artifacts","sourceProvenance":{"resolvedStorageSource":{"bucket":"gcf-v2-sources-752992069219-me-west1","object":"login/function-source.zip","generation":"1790197834581992"}},"dockerRegistry":"ARTIFACT_REGISTRY","sourceToken":"ClRwcm9qZWN0cy83NTI5OTIwNjkyMTkvbG9jYXRpb25zL21lLXdlc3QxL2J1aWxkcy9lMWU2ZWIyMC1kMjU1LTQxNTktOGEzNS1kODY5N2FkNzY5ZDgSWm1lLXdlc3QxLWRvY2tlci5wa2cuZGV2L21hdGxhbS1lNTI4OC9nY2YtYXJ0aWZhY3RzL21hdGxhbS0tZTUyODhfX21lLS13ZXN0MV9fYXBpOnZlcnNpb25fMRjjzMyO9RUiNnByb2plY3RzL21hdGxhbS1lNTI4OC9sb2NhdGlvbnMvbWUtd2VzdDEvZnVuY3Rpb25zL2FwaSoMCOmWiNYGEMjlg/YCMghub2RlanMyMjpzCiNnY3IuaW8vZ2FlLXJ1bnRpbWVzL25vZGVqczIyOnN0YWJsZRJMbWUtd2VzdDEtZG9ja2VyLnBrZy5kZXYvc2VydmVybGVzcy1ydW50aW1lcy9nb29nbGUtMjItZnVsbC9ydW50aW1lcy9ub2RlanMyMkAB","serviceAccount":"projects/matlam-e5288/serviceAccounts/752992069219-compute@developer.gserviceaccount.com","automaticUpdatePolicy":{}},"serviceConfig":{"service":"projects/matlam-e5288/locations/me-west1/services/login","timeoutSeconds":120,"environmentVariables":{"MAIL_USER":"itai.rosenblum@gmail.com","MAIL_PASS":"fxkwnsduixhjlohj","ADMIN_EMAIL":"itai.rosenblum@gmail.com","FIREBASE_CONFIG":"{\"projectId\":\"matlam-e5288\",\"storageBucket\":\"matlam-e5288.firebasestorage.app\"}","GCLOUD_PROJECT":"matlam-e5288","EVENTARC_CLOUD_EVENT_SOURCE":"projects/matlam-e5288/locations/me-west1/services/login","FUNCTION_REGION":"me-west1","FUNCTION_TARGET":"login","LOG_EXECUTION_ID":"true","FUNCTION_SIGNATURE_TYPE":"http"},"maxInstanceCount":5,"ingressSettings":"ALLOW_ALL","uri":"https://login-cwgid56i3a-zf.a.run.app","serviceAccountEmail":"752992069219-compute@developer.gserviceaccount.com","availableMemory":"512Mi","allTrafficOnLatestRevision":true,"revision":"login-00030-dof","maxInstanceRequestConcurrency":80,"availableCpu":"1"},"state":"ACTIVE","labels":{"deployment-tool":"cloudfunctions","deployment-callable":"true","firebase-functions-hash":"ccd326c73bd47c1a0a90a04b20c377c4224928c4"},"environment":"GEN_2","url":"https://me-west1-matlam-e5288.cloudfunctions.net/login","satisfiesPzs":true,"satisfiesPzi":true},"stages":[{"name":"BUILD","message":"Reusing build","state":"COMPLETE","resource":"projects/752992069219/locations/me-west1/builds/e1e6eb20-d255-4159-8a35-d8697ad769d8"},{"name":"SERVICE","message":"Updating Cloud Run service","state":"COMPLETE","resource":"projects/matlam-e5288/locations/me-west1/services/login","resourceUri":"https://console.cloud.google.com/run/detail/me-west1/login?project=matlam-e5288","stateMessages":[{"severity":"INFO","type":"CloudRunServiceNewRevisionTrafficInfo","message":"A new revision will be deployed serving with 100% traffic."}]}],"sourceToken":"ClRwcm9qZWN0cy83NTI5OTIwNjkyMTkvbG9jYXRpb25zL21lLXdlc3QxL2J1aWxkcy9lMWU2ZWIyMC1kMjU1LTQxNTktOGEzNS1kODY5N2FkNzY5ZDgSWm1lLXdlc3QxLWRvY2tlci5wa2cuZGV2L21hdGxhbS1lNTI4OC9nY2YtYXJ0aWZhY3RzL21hdGxhbS0tZTUyODhfX21lLS13ZXN0MV9fYXBpOnZlcnNpb25fMRjjzMyO9RUiNnByb2plY3RzL21hdGxhbS1lNTI4OC9sb2NhdGlvbnMvbWUtd2VzdDEvZnVuY3Rpb25zL2FwaSoMCOmWiNYGEMjlg/YCMghub2RlanMyMjpzCiNnY3IuaW8vZ2FlLXJ1bnRpbWVzL25vZGVqczIyOnN0YWJsZRJMbWUtd2VzdDEtZG9ja2VyLnBrZy5kZXYvc2VydmVybGVzcy1ydW50aW1lcy9nb29nbGUtMjItZnVsbC9ydW50aW1lcy9ub2RlanMyMkAB","operationType":"UPDATE_FUNCTION","buildName":"projects/752992069219/locations/me-west1/builds/e1e6eb20-d255-4159-8a35-d8697ad769d8"},"done":true,"response":{"@type":"type.googleapis.com/google.cloud.functions.v2.Function","name":"projects/matlam-e5288/locations/me-west1/functions/login","buildConfig":{"build":"projects/752992069219/locations/me-west1/builds/e1e6eb20-d255-4159-8a35-d8697ad769d8","runtime":"nodejs22","entryPoint":"login","source":{"storageSource":{"bucket":"gcf-v2-sources-752992069219-me-west1","object":"login/function-source.zip","generation":"1791101814569553"}},"environmentVariables":{"GOOGLE_NODE_RUN_SCRIPTS":""},"dockerRepository":"projects/matlam-e5288/locations/me-west1/repositories/gcf-artifacts","sourceProvenance":{"resolvedStorageSource":{"bucket":"gcf-v2-sources-752992069219-me-west1","object":"login/function-source.zip","generation":"1791101814569553"}},"dockerRegistry":"ARTIFACT_REGISTRY","serviceAccount":"projects/matlam-e5288/serviceAccounts/752992069219-compute@developer.gserviceaccount.com","automaticUpdatePolicy":{}},"serviceConfig":{"service":"projects/matlam-e5288/locations/me-west1/services/login","timeoutSeconds":120,"environmentVariables":{"MAIL_USER":"itai.rosenblum@gmail.com","MAIL_PASS":"fxkwnsduixhjlohj","ADMIN_EMAIL":"itai.rosenblum@gmail.com","FIREBASE_CONFIG":"{\"projectId\":\"matlam-e5288\",\"storageBucket\":\"matlam-e5288.firebasestorage.app\"}","GCLOUD_PROJECT":"matlam-e5288","EVENTARC_CLOUD_EVENT_SOURCE":"projects/matlam-e5288/locations/me-west1/services/login","FUNCTION_REGION":"me-west1","FUNCTION_TARGET":"login","LOG_EXECUTION_ID":"true","FUNCTION_SIGNATURE_TYPE":"http"},"maxInstanceCount":5,"ingressSettings":"ALLOW_ALL","uri":"https://login-cwgid56i3a-zf.a.run.app","serviceAccountEmail":"752992069219-compute@developer.gserviceaccount.com","availableMemory":"512Mi","allTrafficOnLatestRevision":true,"revision":"login-00031-gon","maxInstanceRequestConcurrency":80,"availableCpu":"1"},"state":"ACTIVE","updateTime":"2026-10-04T08:16:54.614056823Z","labels":{"deployment-tool":"cli-firebase","deployment-callable":"true","firebase-functions-hash":"ccd326c73bd47c1a0a90a04b20c377c4224928c4"},"environment":"GEN_2","url":"https://me-west1-matlam-e5288.cloudfunctions.net/login","satisfiesPzs":true,"createTime":"2026-09-16T04:28:40.655941552Z","satisfiesPzi":true}}
[2026-10-04T08:17:06.385Z] Got source token ClRwcm9qZWN0cy83NTI5OTIwNjkyMTkvbG9jYXRpb25zL21lLXdlc3QxL2J1aWxkcy9lMWU2ZWIyMC1kMjU1LTQxNTktOGEzNS1kODY5N2FkNzY5ZDgSWm1lLXdlc3QxLWRvY2tlci5wa2cuZGV2L21hdGxhbS1lNTI4OC9nY2YtYXJ0aWZhY3RzL21hdGxhbS0tZTUyODhfX21lLS13ZXN0MV9fYXBpOnZlcnNpb25fMRjjzMyO9RUiNnByb2plY3RzL21hdGxhbS1lNTI4OC9sb2NhdGlvbnMvbWUtd2VzdDEvZnVuY3Rpb25zL2FwaSoMCOmWiNYGEMjlg/YCMghub2RlanMyMjpzCiNnY3IuaW8vZ2FlLXJ1bnRpbWVzL25vZGVqczIyOnN0YWJsZRJMbWUtd2VzdDEtZG9ja2VyLnBrZy5kZXYvc2VydmVybGVzcy1ydW50aW1lcy9nb29nbGUtMjItZnVsbC9ydW50aW1lcy9ub2RlanMyMkAB for region me-west1
✔  functions[login(me-west1)] Successful update operation. 
[2026-10-04T08:17:06.744Z] <<< [apiv2][status] GET https://cloudfunctions.googleapis.com/v2/projects/matlam-e5288/locations/me-west1/operations/operation-1791101813674-65cff635c53ed-28546315-5b16ebc8 200
[2026-10-04T08:17:06.744Z] <<< [apiv2][body] GET https://cloudfunctions.googleapis.com/v2/projects/matlam-e5288/locations/me-west1/operations/operation-1791101813674-65cff635c53ed-28546315-5b16ebc8 {"name":"projects/matlam-e5288/locations/me-west1/operations/operation-1791101813674-65cff635c53ed-28546315-5b16ebc8","metadata":{"@type":"type.googleapis.com/google.cloud.functions.v2.OperationMetadata","createTime":"2026-10-04T08:16:54.754526480Z","endTime":"2026-10-04T08:17:04.815356261Z","target":"projects/matlam-e5288/locations/me-west1/functions/forgotPassword","verb":"update","cancelRequested":false,"apiVersion":"v2","requestResource":{"@type":"type.googleapis.com/google.cloud.functions.v2.Function","name":"projects/matlam-e5288/locations/me-west1/functions/forgotPassword","buildConfig":{"runtime":"nodejs22","entryPoint":"forgotPassword","source":{"storageSource":{"bucket":"gcf-v2-sources-752992069219-me-west1","object":"forgotPassword/function-source.zip","generation":"1791101814704704"}},"environmentVariables":{"GOOGLE_NODE_RUN_SCRIPTS":""},"dockerRepository":"projects/matlam-e5288/locations/me-west1/repositories/gcf-artifacts","sourceProvenance":{"resolvedStorageSource":{"bucket":"gcf-v2-sources-752992069219-me-west1","object":"forgotPassword/function-source.zip","generation":"1790197834638793"}},"dockerRegistry":"ARTIFACT_REGISTRY","sourceToken":"ClRwcm9qZWN0cy83NTI5OTIwNjkyMTkvbG9jYXRpb25zL21lLXdlc3QxL2J1aWxkcy9lMWU2ZWIyMC1kMjU1LTQxNTktOGEzNS1kODY5N2FkNzY5ZDgSWm1lLXdlc3QxLWRvY2tlci5wa2cuZGV2L21hdGxhbS1lNTI4OC9nY2YtYXJ0aWZhY3RzL21hdGxhbS0tZTUyODhfX21lLS13ZXN0MV9fYXBpOnZlcnNpb25fMRjjzMyO9RUiNnByb2plY3RzL21hdGxhbS1lNTI4OC9sb2NhdGlvbnMvbWUtd2VzdDEvZnVuY3Rpb25zL2FwaSoMCOmWiNYGEMjlg/YCMghub2RlanMyMjpzCiNnY3IuaW8vZ2FlLXJ1bnRpbWVzL25vZGVqczIyOnN0YWJsZRJMbWUtd2VzdDEtZG9ja2VyLnBrZy5kZXYvc2VydmVybGVzcy1ydW50aW1lcy9nb29nbGUtMjItZnVsbC9ydW50aW1lcy9ub2RlanMyMkAB","serviceAccount":"projects/matlam-e5288/serviceAccounts/752992069219-compute@developer.gserviceaccount.com","automaticUpdatePolicy":{}},"serviceConfig":{"service":"projects/matlam-e5288/locations/me-west1/services/forgotpassword","timeoutSeconds":120,"environmentVariables":{"MAIL_USER":"itai.rosenblum@gmail.com","MAIL_PASS":"fxkwnsduixhjlohj","ADMIN_EMAIL":"itai.rosenblum@gmail.com","FIREBASE_CONFIG":"{\"projectId\":\"matlam-e5288\",\"storageBucket\":\"matlam-e5288.firebasestorage.app\"}","GCLOUD_PROJECT":"matlam-e5288","EVENTARC_CLOUD_EVENT_SOURCE":"projects/matlam-e5288/locations/me-west1/services/forgotPassword","FUNCTION_REGION":"me-west1","FUNCTION_TARGET":"forgotPassword","LOG_EXECUTION_ID":"true","FUNCTION_SIGNATURE_TYPE":"http"},"maxInstanceCount":5,"ingressSettings":"ALLOW_ALL","uri":"https://forgotpassword-cwgid56i3a-zf.a.run.app","serviceAccountEmail":"752992069219-compute@developer.gserviceaccount.com","availableMemory":"512Mi","allTrafficOnLatestRevision":true,"revision":"forgotpassword-00017-zuq","maxInstanceRequestConcurrency":80,"availableCpu":"1"},"state":"ACTIVE","labels":{"deployment-tool":"cli-firebase","deployment-callable":"true","firebase-functions-hash":"ccd326c73bd47c1a0a90a04b20c377c4224928c4"},"environment":"GEN_2","url":"https://me-west1-matlam-e5288.cloudfunctions.net/forgotPassword","satisfiesPzs":true,"satisfiesPzi":true},"stages":[{"name":"BUILD","message":"Reusing build","state":"COMPLETE","resource":"projects/752992069219/locations/me-west1/builds/e1e6eb20-d255-4159-8a35-d8697ad769d8"},{"name":"SERVICE","message":"Updating Cloud Run service","state":"COMPLETE","resource":"projects/matlam-e5288/locations/me-west1/services/forgotpassword","resourceUri":"https://console.cloud.google.com/run/detail/me-west1/forgotpassword?project=matlam-e5288","stateMessages":[{"severity":"INFO","type":"CloudRunServiceNewRevisionTrafficInfo","message":"A new revision will be deployed serving with 100% traffic."}]}],"sourceToken":"ClRwcm9qZWN0cy83NTI5OTIwNjkyMTkvbG9jYXRpb25zL21lLXdlc3QxL2J1aWxkcy9lMWU2ZWIyMC1kMjU1LTQxNTktOGEzNS1kODY5N2FkNzY5ZDgSWm1lLXdlc3QxLWRvY2tlci5wa2cuZGV2L21hdGxhbS1lNTI4OC9nY2YtYXJ0aWZhY3RzL21hdGxhbS0tZTUyODhfX21lLS13ZXN0MV9fYXBpOnZlcnNpb25fMRjjzMyO9RUiNnByb2plY3RzL21hdGxhbS1lNTI4OC9sb2NhdGlvbnMvbWUtd2VzdDEvZnVuY3Rpb25zL2FwaSoMCOmWiNYGEMjlg/YCMghub2RlanMyMjpzCiNnY3IuaW8vZ2FlLXJ1bnRpbWVzL25vZGVqczIyOnN0YWJsZRJMbWUtd2VzdDEtZG9ja2VyLnBrZy5kZXYvc2VydmVybGVzcy1ydW50aW1lcy9nb29nbGUtMjItZnVsbC9ydW50aW1lcy9ub2RlanMyMkAB","operationType":"UPDATE_FUNCTION","buildName":"projects/752992069219/locations/me-west1/builds/e1e6eb20-d255-4159-8a35-d8697ad769d8"},"done":true,"response":{"@type":"type.googleapis.com/google.cloud.functions.v2.Function","name":"projects/matlam-e5288/locations/me-west1/functions/forgotPassword","buildConfig":{"build":"projects/752992069219/locations/me-west1/builds/e1e6eb20-d255-4159-8a35-d8697ad769d8","runtime":"nodejs22","entryPoint":"forgotPassword","source":{"storageSource":{"bucket":"gcf-v2-sources-752992069219-me-west1","object":"forgotPassword/function-source.zip","generation":"1791101814704704"}},"environmentVariables":{"GOOGLE_NODE_RUN_SCRIPTS":""},"dockerRepository":"projects/matlam-e5288/locations/me-west1/repositories/gcf-artifacts","sourceProvenance":{"resolvedStorageSource":{"bucket":"gcf-v2-sources-752992069219-me-west1","object":"forgotPassword/function-source.zip","generation":"1791101814704704"}},"dockerRegistry":"ARTIFACT_REGISTRY","serviceAccount":"projects/matlam-e5288/serviceAccounts/752992069219-compute@developer.gserviceaccount.com","automaticUpdatePolicy":{}},"serviceConfig":{"service":"projects/matlam-e5288/locations/me-west1/services/forgotpassword","timeoutSeconds":120,"environmentVariables":{"MAIL_USER":"itai.rosenblum@gmail.com","MAIL_PASS":"fxkwnsduixhjlohj","ADMIN_EMAIL":"itai.rosenblum@gmail.com","FIREBASE_CONFIG":"{\"projectId\":\"matlam-e5288\",\"storageBucket\":\"matlam-e5288.firebasestorage.app\"}","GCLOUD_PROJECT":"matlam-e5288","EVENTARC_CLOUD_EVENT_SOURCE":"projects/matlam-e5288/locations/me-west1/services/forgotPassword","FUNCTION_REGION":"me-west1","FUNCTION_TARGET":"forgotPassword","LOG_EXECUTION_ID":"true","FUNCTION_SIGNATURE_TYPE":"http"},"maxInstanceCount":5,"ingressSettings":"ALLOW_ALL","uri":"https://forgotpassword-cwgid56i3a-zf.a.run.app","serviceAccountEmail":"752992069219-compute@developer.gserviceaccount.com","availableMemory":"512Mi","allTrafficOnLatestRevision":true,"revision":"forgotpassword-00018-del","maxInstanceRequestConcurrency":80,"availableCpu":"1"},"state":"ACTIVE","updateTime":"2026-10-04T08:16:54.758558931Z","labels":{"deployment-tool":"cli-firebase","deployment-callable":"true","firebase-functions-hash":"ccd326c73bd47c1a0a90a04b20c377c4224928c4"},"environment":"GEN_2","url":"https://me-west1-matlam-e5288.cloudfunctions.net/forgotPassword","satisfiesPzs":true,"createTime":"2026-09-16T08:36:16.793304136Z","satisfiesPzi":true}}
[2026-10-04T08:17:06.744Z] Got source token ClRwcm9qZWN0cy83NTI5OTIwNjkyMTkvbG9jYXRpb25zL21lLXdlc3QxL2J1aWxkcy9lMWU2ZWIyMC1kMjU1LTQxNTktOGEzNS1kODY5N2FkNzY5ZDgSWm1lLXdlc3QxLWRvY2tlci5wa2cuZGV2L21hdGxhbS1lNTI4OC9nY2YtYXJ0aWZhY3RzL21hdGxhbS0tZTUyODhfX21lLS13ZXN0MV9fYXBpOnZlcnNpb25fMRjjzMyO9RUiNnByb2plY3RzL21hdGxhbS1lNTI4OC9sb2NhdGlvbnMvbWUtd2VzdDEvZnVuY3Rpb25zL2FwaSoMCOmWiNYGEMjlg/YCMghub2RlanMyMjpzCiNnY3IuaW8vZ2FlLXJ1bnRpbWVzL25vZGVqczIyOnN0YWJsZRJMbWUtd2VzdDEtZG9ja2VyLnBrZy5kZXYvc2VydmVybGVzcy1ydW50aW1lcy9nb29nbGUtMjItZnVsbC9ydW50aW1lcy9ub2RlanMyMkAB for region me-west1
✔  functions[forgotPassword(me-west1)] Successful update operation. 
[2026-10-04T08:17:06.745Z] Total Function Deployment time: 72590
[2026-10-04T08:17:06.745Z] 5 Functions Deployed
[2026-10-04T08:17:06.745Z] 0 Functions Errored
[2026-10-04T08:17:06.745Z] 0 Function Deployments Aborted
[2026-10-04T08:17:06.745Z] Average Function Deployment time: 64416
[2026-10-04T08:17:06.746Z] No OAuth tokens found
[2026-10-04T08:17:06.747Z] >>> [apiv2][query] GET https://artifactregistry.googleapis.com/v1/projects/matlam-e5288/locations/me-west1/repositories/gcf-artifacts [none]
[2026-10-04T08:17:07.993Z] <<< [apiv2][status] GET https://artifactregistry.googleapis.com/v1/projects/matlam-e5288/locations/me-west1/repositories/gcf-artifacts 200
[2026-10-04T08:17:07.993Z] <<< [apiv2][body] GET https://artifactregistry.googleapis.com/v1/projects/matlam-e5288/locations/me-west1/repositories/gcf-artifacts {"name":"projects/matlam-e5288/locations/me-west1/repositories/gcf-artifacts","format":"DOCKER","description":"This repository is created and used by Cloud Functions for storing function docker images.","labels":{"goog-managed-by":"cloudfunctions"},"createTime":"2026-09-16T04:29:32.050907Z","updateTime":"2026-10-04T08:16:32.200623Z","mode":"STANDARD_REPOSITORY","cleanupPolicies":{"firebase-functions-cleanup":{"id":"firebase-functions-cleanup","action":"DELETE","condition":{"tagState":"ANY","olderThan":"86400s"}}},"sizeBytes":"102978995","satisfiesPzs":true,"vulnerabilityScanningConfig":{"lastEnableTime":"2026-09-16T04:29:20.200162230Z","enablementState":"SCANNING_DISABLED","enablementStateReason":"API containerscanning.googleapis.com is not enabled."},"satisfiesPzi":true,"registryUri":"me-west1-docker.pkg.dev/matlam-e5288/gcf-artifacts"}

✔  Deploy complete! 

Project Console: https://console.firebase.google.com/project/matlam-e5288/overview
